experiment,output_dir,status,n_metrics_files,n_eval_files,n_ckpt_files,max_epoch,max_step,best_val_auc_causal,best_val_auc_full,best_val_auc_spurious,best_val_auc_spurious_linear,last_train_loss,last_train_loss_task,last_train_loss_cls,last_train_loss_adv,last_train_loss_domain,last_train_loss_ladv,last_train_loss_vae,best_metrics_file,best_ckpt_by_name,best_ckpt_val_auc_causal_by_name,eval_paths,metrics_paths
outputs_A0,outputs_A0,train_only,5,0,1,99,799999,0.9978624582290649,0.9984453320503235,0.9981759786605835,0.8534916639328003,2.9588585803708156e-08,,0.0,0.0,0.0,,0.0,outputs_A0/logs/lightning_logs/version_0/metrics.csv,,,,outputs_A0/logs/lightning_logs/version_0/metrics.csv;outputs_A0/logs/lightning_logs/version_1/metrics.csv;outputs_A0/logs/lightning_logs/version_2/metrics.csv;outputs_A0/logs/lightning_logs/version_3/metrics.csv;outputs_A0/logs/lightning_logs/version_4/metrics.csv
outputs_A0_seed42,outputs_A0_seed42,train_only,1,0,1,54,439999,0.5097841620445251,0.998038113117218,0.5185691714286804,0.5339515805244446,0.005752942059189081,,0.0057006473653018475,0.0,0.0,,,outputs_A0_seed42/logs/lightning_logs/version_0/metrics.csv,,,,outputs_A0_seed42/logs/lightning_logs/version_0/metrics.csv
outputs_A0_seed43,outputs_A0_seed43,train_only,1,0,1,57,463999,0.5093027949333191,0.9982007145881653,0.5091694593429565,0.6200843453407288,1.879678893601522e-05,,4.0372611920247437e-07,0.0,0.0,,,outputs_A0_seed43/logs/lightning_logs/version_0/metrics.csv,,,,outputs_A0_seed43/logs/lightning_logs/version_0/metrics.csv
outputs_A0_seed44,outputs_A0_seed44,train_only,1,0,1,54,439999,0.502851128578186,0.9981890320777893,0.5137951374053955,0.4962654709815979,4.615333182300674e-06,,2.9206213003618586e-09,0.0,0.0,,,outputs_A0_seed44/logs/lightning_logs/version_0/metrics.csv,,,,outputs_A0_seed44/logs/lightning_logs/version_0/metrics.csv
outputs_A1,outputs_A1,train+eval,1,2,1,7,63999,0.9981174468994141,0.9982605576515198,0.5042620897293091,,6.212764739990234,,0.03697621822357178,0.6173760890960693,0.0,,,outputs_A1/logs/lightning_logs/version_0/metrics.csv,,,outputs_A1/results_favc/eval_results.txt;outputs_A1/results_favc_trimmed/eval_results.txt,outputs_A1/logs/lightning_logs/version_0/metrics.csv
outputs_A10_e2e,outputs_A10_e2e,train_only,1,0,2,3,16159,0.9999311566352844,,,,0.5871105194091797,0.01794407144188881,,,,0.5607793927192688,,outputs_A10_e2e/logs/version_0/metrics.csv,outputs_A10_e2e/ckpts/model-epoch=03-val_auc_causal=0.9999.ckpt,0.9999,,outputs_A10_e2e/logs/version_0/metrics.csv
outputs_A11_e2e,outputs_A11_e2e,train_only,1,0,2,2,12119,0.9999125003814697,,,,0.6249422430992126,0.02365577034652233,,,,0.5615936517715454,,outputs_A11_e2e/logs/version_0/metrics.csv,outputs_A11_e2e/ckpts/model-epoch=02-val_auc_causal=0.9999.ckpt,0.9999,,outputs_A11_e2e/logs/version_0/metrics.csv
outputs_A12_e2e,outputs_A12_e2e,train_only,1,0,2,2,12119,0.999687910079956,,,,0.6428676843643188,0.023030776530504227,,,,0.5614427924156189,,outputs_A12_e2e/logs/version_0/metrics.csv,outputs_A12_e2e/ckpts/model-epoch=02-val_auc_causal=0.9997.ckpt,0.9997,,outputs_A12_e2e/logs/version_0/metrics.csv
outputs_A13_e2e,outputs_A13_e2e,train_only,1,0,2,0,4039,0.9956403374671936,,,,0.9244508743286133,0.24714858829975128,,,,0.5610871315002441,,outputs_A13_e2e/logs/version_0/metrics.csv,outputs_A13_e2e/ckpts/model-epoch=00-val_auc_causal=0.9956.ckpt,0.9956,,outputs_A13_e2e/logs/version_0/metrics.csv
outputs_A14_e2e,outputs_A14_e2e,train_only,1,0,2,0,4039,0.9998154044151306,,,,0.7237816452980042,0.08326727896928787,,,,0.5611095428466797,,outputs_A14_e2e/logs/version_0/metrics.csv,outputs_A14_e2e/ckpts/model-epoch=00-val_auc_causal=0.9998.ckpt,0.9998,,outputs_A14_e2e/logs/version_0/metrics.csv
outputs_A15_e2e,outputs_A15_e2e,train_only,1,0,2,2,12119,0.9999663829803467,,,,0.5899389982223511,0.014222584664821625,,,,0.5618284940719604,,outputs_A15_e2e/logs/version_1/metrics.csv,outputs_A15_e2e/ckpts/model-epoch=02-val_auc_causal=1.0000.ckpt,1.0,,outputs_A15_e2e/logs/version_1/metrics.csv
outputs_A16_e2e,outputs_A16_e2e,train_only,1,0,2,2,12119,0.9994894862174988,,,,0.8018693923950195,0.035443264991045,,,,0.5602648854255676,,outputs_A16_e2e/logs/version_0/metrics.csv,outputs_A16_e2e/ckpts/model-epoch=01-val_auc_causal=0.9995.ckpt,0.9995,,outputs_A16_e2e/logs/version_0/metrics.csv
outputs_A17_e2e,outputs_A17_e2e,train_only,1,0,2,2,12119,0.9995278716087341,,,,1.3000372648239136,0.027775835245847702,,,,0.5604301691055298,,outputs_A17_e2e/logs/version_2/metrics.csv,outputs_A17_e2e/ckpts/model-epoch=01-val_auc_causal=0.9995.ckpt,0.9995,,outputs_A17_e2e/logs/version_2/metrics.csv
outputs_A18_e2e,outputs_A18_e2e,train_only,1,0,2,1,8079,0.9928725361824036,,,,2.10496187210083,0.09429571032524109,,,,0.5624282956123352,,outputs_A18_e2e/logs/version_0/metrics.csv,outputs_A18_e2e/ckpts/model-epoch=01-val_auc_causal=0.9929.ckpt,0.9929,,outputs_A18_e2e/logs/version_0/metrics.csv
outputs_A19_e2e,outputs_A19_e2e,train_only,1,0,2,1,8079,0.4452362656593323,,,,2.6273515224456787,0.5619670152664185,,,,0.5624449253082275,,outputs_A19_e2e/logs/version_0/metrics.csv,outputs_A19_e2e/ckpts/model-epoch=01-val_auc_causal=0.4452.ckpt,0.4452,,outputs_A19_e2e/logs/version_0/metrics.csv
outputs_A1_e2e_dadv,outputs_A1_e2e_dadv,train_only,4,0,8,29,60839,0.9999808073043823,,,,6.437889575958252,,0.005119570065289736,0.5609230995178223,0.2744627594947815,,0.0,outputs_A1_e2e_dadv/logs/version_3/metrics.csv,outputs_A1_e2e_dadv/ckpts/model-epoch=06-val_auc_causal=1.0000.ckpt,1.0,,outputs_A1_e2e_dadv/logs/version_0/metrics.csv;outputs_A1_e2e_dadv/logs/version_1/metrics.csv;outputs_A1_e2e_dadv/logs/version_2/metrics.csv;outputs_A1_e2e_dadv/logs/version_3/metrics.csv
outputs_A1_seed42,outputs_A1_seed42,train_only,1,0,1,91,735999,0.9983190894126892,0.998356819152832,0.5200920104980469,0.5466753840446472,6.146448612213135,,0.004671235103160143,0.6141704320907593,0.0,,,outputs_A1_seed42/logs/lightning_logs/version_0/metrics.csv,,,,outputs_A1_seed42/logs/lightning_logs/version_0/metrics.csv
outputs_A1_seed43,outputs_A1_seed43,train_only,1,0,1,99,799999,0.997676432132721,0.9981656074523926,0.5096365213394165,0.5284730792045593,6.129978656768799,,0.0010253548389300704,0.6128897070884705,0.0,,,outputs_A1_seed43/logs/lightning_logs/version_0/metrics.csv,,,,outputs_A1_seed43/logs/lightning_logs/version_0/metrics.csv
outputs_A1_seed44,outputs_A1_seed44,train_only,1,0,1,94,759999,0.9985454678535461,0.9979652166366577,0.5147207975387573,0.573676347732544,6.143288612365723,,0.0034158015623688698,0.6139719486236572,0.0,,,outputs_A1_seed44/logs/lightning_logs/version_0/metrics.csv,,,,outputs_A1_seed44/logs/lightning_logs/version_0/metrics.csv
outputs_A2,outputs_A2,train_only,2,0,1,99,799999,0.9984270930290222,0.9984270930290222,0.5128448009490967,0.5632553100585938,6.129300117492676,,8.344643309676769e-10,0.61292964220047,0.0,,,outputs_A2/logs/lightning_logs/version_0/metrics.csv,,,,outputs_A2/logs/lightning_logs/version_0/metrics.csv;outputs_A2/logs/lightning_logs/version_1/metrics.csv
outputs_A20_e2e,outputs_A20_e2e,train_only,1,0,2,1,8079,0.5,,,,2.511397123336792,0.5622395873069763,,,,0.5627029538154602,,outputs_A20_e2e/logs/version_0/metrics.csv,outputs_A20_e2e/ckpts/model-epoch=01-val_auc_causal=0.5000.ckpt,0.5,,outputs_A20_e2e/logs/version_0/metrics.csv
outputs_A21_e2e,outputs_A21_e2e,train_only,1,0,2,0,4039,0.5,,,,20.859180450439453,0.5692188143730164,,,,0.5635752081871033,,outputs_A21_e2e/logs/version_0/metrics.csv,outputs_A21_e2e/ckpts/model-epoch=00-val_auc_causal=0.5000.ckpt,0.5,,outputs_A21_e2e/logs/version_0/metrics.csv
outputs_A22_e2e,outputs_A22_e2e,train_only,1,0,2,0,4039,0.4997044801712036,,,,20.286502838134766,0.5660450458526611,,,,0.5619762539863586,,outputs_A22_e2e/logs/version_0/metrics.csv,outputs_A22_e2e/ckpts/model-epoch=00-val_auc_causal=0.4997.ckpt,0.4997,,outputs_A22_e2e/logs/version_0/metrics.csv
outputs_A23_e2e,outputs_A23_e2e,empty,0,0,0,,,,,,,,,,,,,,,,,,
outputs_A24_e2e,outputs_A24_e2e,train_only,1,0,2,1,8079,0.5188204646110535,,,,25.38699722290039,0.561159610748291,,,,0.5613064765930176,,outputs_A24_e2e/logs/version_0/metrics.csv,outputs_A24_e2e/ckpts/model-epoch=00-val_auc_causal=0.5188.ckpt,0.5188,,outputs_A24_e2e/logs/version_0/metrics.csv
outputs_A25_e2e,outputs_A25_e2e,train_only,1,0,2,0,4039,0.503082811832428,,,,20.061256408691406,0.5676947832107544,,,,0.5632309913635254,,outputs_A25_e2e/logs/version_0/metrics.csv,outputs_A25_e2e/ckpts/model-epoch=00-val_auc_causal=0.5031.ckpt,0.5031,,outputs_A25_e2e/logs/version_0/metrics.csv
outputs_A26_e2e,outputs_A26_e2e,train_only,1,0,2,6,28279,0.9999520182609558,,,,1.9606879949569702,0.00956209097057581,,,,0.5608503818511963,,outputs_A26_e2e/logs/version_0/metrics.csv,outputs_A26_e2e/ckpts/model-epoch=06-val_auc_causal=1.0000.ckpt,1.0,,outputs_A26_e2e/logs/version_0/metrics.csv
outputs_A27_e2e,outputs_A27_e2e,train_only,1,0,2,5,24239,0.9999125003814697,,,,3.9150707721710205,0.01103013101965189,,,,0.5609720945358276,,outputs_A27_e2e/logs/version_0/metrics.csv,outputs_A27_e2e/ckpts/model-epoch=04-val_auc_causal=0.9999.ckpt,0.9999,,outputs_A27_e2e/logs/version_0/metrics.csv
outputs_A28_e2e,outputs_A28_e2e,train_only,1,0,2,4,20199,0.9999754428863525,,,,1.9686832427978516,0.01212763786315918,,,,0.5610986948013306,,outputs_A28_e2e/logs/version_0/metrics.csv,outputs_A28_e2e/ckpts/model-epoch=03-val_auc_causal=1.0000.ckpt,1.0,,outputs_A28_e2e/logs/version_0/metrics.csv
outputs_A29_e2e,outputs_A29_e2e,train_only,1,0,2,2,12119,0.9999386668205261,,,,0.5767132043838501,0.010412494651973248,,,,0.5610893368721008,,outputs_A29_e2e/logs/version_0/metrics.csv,outputs_A29_e2e/ckpts/model-epoch=00-val_auc_causal=0.9999.ckpt,0.9999,,outputs_A29_e2e/logs/version_0/metrics.csv
outputs_A2_e2e,outputs_A2_e2e,train_only,1,0,3,29,2999,0.9948668479919434,,,,5.7496771812438965,,0.026367373764514923,0.5723246335983276,0.0,,0.0,outputs_A2_e2e/logs/version_2/metrics.csv,outputs_A2_e2e/ckpts/model-epoch=14-val_auc_causal=0.9949.ckpt,0.9949,,outputs_A2_e2e/logs/version_2/metrics.csv
outputs_A2_e2e_12layers,outputs_A2_e2e_12layers,train_only,1,0,3,37,7599,0.9970621466636658,,,,5.748612880706787,,0.011151053011417389,0.57374507188797,0.0,,0.0,outputs_A2_e2e_12layers/logs/version_0/metrics.csv,outputs_A2_e2e_12layers/ckpts/model-epoch=22-val_auc_causal=0.9971.ckpt,0.9971,,outputs_A2_e2e_12layers/logs/version_0/metrics.csv
outputs_A2_e2e_dadv,outputs_A2_e2e_dadv,train_only,1,0,2,12,26363,0.9999434351921082,,,,6.467488765716553,,0.010230710729956627,0.5617223978042603,0.2799534201622009,,0.0,outputs_A2_e2e_dadv/logs/version_0/metrics.csv,outputs_A2_e2e_dadv/ckpts/model-epoch=10-val_auc_causal=0.9999.ckpt,0.9999,,outputs_A2_e2e_dadv/logs/version_0/metrics.csv
outputs_A2_e2e_manip,outputs_A2_e2e_manip,train_only,1,0,3,29,2999,0.9961259365081787,,,,12.617070198059082,,0.00464274687692523,0.5713152885437012,0.0,,0.0,outputs_A2_e2e_manip/logs/version_0/metrics.csv,outputs_A2_e2e_manip/ckpts/model-epoch=14-val_auc_causal=0.9961.ckpt,0.9961,,outputs_A2_e2e_manip/logs/version_0/metrics.csv
outputs_A2_mine,outputs_A2_mine,train_only,1,0,1,7,63049,0.9980328679084778,0.9980328679084778,0.9894267916679382,,,,,,,,,outputs_A2_mine/logs/lightning_logs/version_0/metrics.csv,,,,outputs_A2_mine/logs/lightning_logs/version_0/metrics.csv
outputs_A2_seed42,outputs_A2_seed42,train_only,1,0,1,99,799999,0.997822105884552,0.997822105884552,0.5266152024269104,0.5566722750663757,6.1316094398498535,,7.450578348722203e-11,0.6131591796875,0.0,,,outputs_A2_seed42/logs/lightning_logs/version_0/metrics.csv,,,,outputs_A2_seed42/logs/lightning_logs/version_0/metrics.csv
outputs_A2_seed43,outputs_A2_seed43,train_only,1,0,1,85,687999,0.9984270930290222,0.9984270930290222,0.5114572644233704,0.5569922924041748,6.136106014251709,,4.685270141635556e-06,0.6136106848716736,0.0,,,outputs_A2_seed43/logs/lightning_logs/version_0/metrics.csv,,,,outputs_A2_seed43/logs/lightning_logs/version_0/metrics.csv
outputs_A2_seed44,outputs_A2_seed44,train_only,1,0,1,74,599999,0.9976711869239807,0.9976711869239807,0.5272663831710815,0.7032553553581238,6.141547679901123,,6.530756735401155e-08,0.6141546368598938,0.0,,,outputs_A2_seed44/logs/lightning_logs/version_0/metrics.csv,,,,outputs_A2_seed44/logs/lightning_logs/version_0/metrics.csv
outputs_A3,outputs_A3,train+eval,1,2,1,99,1059899,0.9980446100234985,0.9980446100234985,0.5187227129936218,,8.07341480255127,,0.001278167706914246,0.46092653274536133,0.6925743222236633,,,outputs_A3/logs/lightning_logs/version_0/metrics.csv,,,outputs_A3/results/eval_results.txt;outputs_A3/results/trimmed/eval_results.txt,outputs_A3/logs/lightning_logs/version_0/metrics.csv
outputs_A30_e2e,outputs_A30_e2e,train_only,1,0,2,1,8079,0.5,,,,1.414124846458435,0.562180757522583,,,,0.5616393685340881,,outputs_A30_e2e/logs/version_0/metrics.csv,outputs_A30_e2e/ckpts/model-epoch=00-val_auc_causal=0.5000.ckpt,0.5,,outputs_A30_e2e/logs/version_0/metrics.csv
outputs_A31_e2e,outputs_A31_e2e,train_only,1,0,2,4,20199,0.9972436428070068,,,,0.029019992798566818,0.017322946339845657,,,,0.5520744919776917,,outputs_A31_e2e/logs/version_0/metrics.csv,outputs_A31_e2e/ckpts/model-epoch=04-val_auc_causal=0.9972.ckpt,0.9972,,outputs_A31_e2e/logs/version_0/metrics.csv
outputs_A32_e2e,outputs_A32_e2e,train_only,1,0,2,2,11228,0.9999573230743408,,,,0.026183458045125008,0.016026871278882027,,,,0.555766761302948,,outputs_A32_e2e/logs/version_1/metrics.csv,outputs_A32_e2e/ckpts/model-epoch=00-val_auc_causal=1.0000.ckpt,1.0,,outputs_A32_e2e/logs/version_1/metrics.csv
outputs_A33_e2e,outputs_A33_e2e,train_only,1,0,2,25,52727,0.9999962449073792,,,,0.004779317416250706,1.0681166713766288e-05,,,,,,outputs_A33_e2e/logs/version_0/metrics.csv,outputs_A33_e2e/ckpts/model-epoch=15-val_auc_causal=1.0000.ckpt,1.0,,outputs_A33_e2e/logs/version_0/metrics.csv
outputs_A34_e2e,outputs_A34_e2e,train_only,1,0,2,17,36503,0.9999978542327881,,,,0.4289717674255371,1.2110720490454696e-05,,,,,,outputs_A34_e2e/logs/version_0/metrics.csv,outputs_A34_e2e/ckpts/model-epoch=07-val_auc_causal=1.0000.ckpt,1.0,,outputs_A34_e2e/logs/version_0/metrics.csv
outputs_A34_v2_e2e,outputs_A34_v2_e2e,train_only,1,0,2,13,52401,0.9999877214431763,,,,0.5002701878547668,0.00018474285025149584,,,,,,outputs_A34_v2_e2e/logs/version_0/metrics.csv,outputs_A34_v2_e2e/ckpts/model-epoch=03-val_auc_causal=1.0000.ckpt,1.0,,outputs_A34_v2_e2e/logs/version_0/metrics.csv
outputs_A36_e2e,outputs_A36_e2e,train_only,1,0,2,0,4039,0.9996724724769592,,,,0.43718841671943665,0.07781477272510529,,,,,,outputs_A36_e2e/logs/version_0/metrics.csv,outputs_A36_e2e/ckpts/model-epoch=00-val_auc_causal=0.9997.ckpt,0.9997,,outputs_A36_e2e/logs/version_0/metrics.csv
outputs_A38_e2e,outputs_A38_e2e,train_only,1,0,0,0,2027,0.9993236064910889,,,,0.06477541476488113,0.05040684714913368,,,,,,outputs_A38_e2e/logs/version_0/metrics.csv,,,,outputs_A38_e2e/logs/version_0/metrics.csv
outputs_A39_e2e,outputs_A39_e2e,train_only,2,0,2,16,63229,0.9999951720237732,,,,1.4543433280778117e-05,1.2308279110584408e-05,,,,,,outputs_A39_e2e/logs/version_1/metrics.csv,outputs_A39_e2e/ckpts/model-epoch=06-val_auc_causal=1.0000.ckpt,1.0,,outputs_A39_e2e/logs/version_0/metrics.csv;outputs_A39_e2e/logs/version_1/metrics.csv
outputs_A4,outputs_A4,train_only,4,0,1,23,191999,0.9959838390350342,0.9959838390350342,0.5096059441566467,,0.2918648421764374,,0.09715555608272552,2.586376190185547,0.0,,0.1869061440229416,outputs_A4/logs/lightning_logs/version_1/metrics.csv,,,,outputs_A4/logs/lightning_logs/version_0/metrics.csv;outputs_A4/logs/lightning_logs/version_1/metrics.csv;outputs_A4/logs/lightning_logs/version_2/metrics.csv;outputs_A4/logs/lightning_logs/version_3/metrics.csv
outputs_A5,outputs_A5,train+eval,1,2,1,41,335999,0.998345136642456,0.998345136642456,0.5148398876190186,,0.03352323919534683,0.00019652978517115116,,,,,,outputs_A5/logs/lightning_logs/version_0/metrics.csv,,,outputs_A5/results/eval_results.txt;outputs_A5/results/trimmed/eval_results.txt,outputs_A5/logs/lightning_logs/version_0/metrics.csv
outputs_A6,outputs_A6,train+eval,1,2,1,22,184206,0.9982280135154724,0.9982280135154724,0.5341434478759766,,0.13884110748767853,0.0071029034443199635,,,,,,outputs_A6/logs/lightning_logs/version_0/metrics.csv,,,outputs_A6/results/eval_results.txt;outputs_A6/results/trimmed/eval_results.txt,outputs_A6/logs/lightning_logs/version_0/metrics.csv
outputs_A6_e2e,outputs_A6_e2e,train_only,2,0,4,21,44615,0.9999904036521912,,,,0.44424182176589966,0.0007366517675109208,,,,,,outputs_A6_e2e/logs/version_2/metrics.csv,outputs_A6_e2e/ckpts/model-epoch=11-val_auc_causal=1.0000.ckpt,1.0,,outputs_A6_e2e/logs/version_1/metrics.csv;outputs_A6_e2e/logs/version_2/metrics.csv
outputs_A7,outputs_A7,train+eval,1,2,1,99,800899,0.9988186955451965,0.9988186955451965,0.5157193541526794,,1.1783589124679565,0.002222940092906356,,,,0.5585620403289795,,outputs_A7/logs/lightning_logs/version_0/metrics.csv,,,outputs_A7/results/eval_results.txt;outputs_A7/results/trimmed/eval_results.txt,outputs_A7/logs/lightning_logs/version_0/metrics.csv
outputs_A8,outputs_A8,train+eval,1,2,1,99,800899,0.9972913265228271,0.9972913265228271,0.5182601809501648,,0.5789738297462463,0.0026974438223987818,,,,0.5585619807243347,,outputs_A8/logs/lightning_logs/version_0/metrics.csv,,,outputs_A8/results/eval_results.txt;outputs_A8/results/trimmed/eval_results.txt,outputs_A8/logs/lightning_logs/version_0/metrics.csv
outputs_A9,outputs_A9,train_only,1,0,3,99,50699,0.9975996613502502,0.9975996613502502,0.5251932144165039,,0.6164441108703613,0.002982602920383215,,,,0.5601443648338318,,outputs_A9/logs/lightning_logs/version_0/metrics.csv,outputs_A9/ckpts/model-epoch=83-val_auc_causal=0.9976.ckpt,0.9976,,outputs_A9/logs/lightning_logs/version_0/metrics.csv
outputs_A9_e2e,outputs_A9_e2e,train_only,1,0,2,18,38531,0.9999653100967407,,,,1.2479974031448364,0.003827995155006647,,,,0.5609837770462036,,outputs_A9_e2e/logs/version_0/metrics.csv,outputs_A9_e2e/ckpts/model-epoch=08-val_auc_causal=1.0000.ckpt,1.0,,outputs_A9_e2e/logs/version_0/metrics.csv
outputs_B1,outputs_B1,train+eval,1,1,1,16,135999,0.9986768960952759,,0.5132487416267395,,6.410982131958008,,0.006847372278571129,0.6158615350723267,,,,outputs_B1/logs/lightning_logs/version_0/metrics.csv,,,outputs_B1/results/favc_eval/eval_results.txt,outputs_B1/logs/lightning_logs/version_0/metrics.csv
outputs_B1b,outputs_B1b,train_only,1,0,1,99,799999,0.9985675811767578,,0.5237933397293091,,6.230103015899658,,0.003008692292496562,0.6142874956130981,,,,outputs_B1b/logs/lightning_logs/version_0/metrics.csv,,,,outputs_B1b/logs/lightning_logs/version_0/metrics.csv
outputs_B2,outputs_B2,train_only,2,0,2,27,223999,0.9980862140655518,,0.5182933807373047,,6.1619672775268555,,0.0045849052257835865,0.6156865954399109,,,,outputs_B2/logs/lightning_logs/version_1/metrics.csv,,,,outputs_B2/logs/lightning_logs/version_0/metrics.csv;outputs_B2/logs/lightning_logs/version_1/metrics.csv
outputs_B3,outputs_B3,train_only,1,0,1,23,191999,0.9981291890144348,,0.5185854434967041,,6.824162483215332,,0.007416137028485537,0.6153597831726074,,,,outputs_B3/logs/lightning_logs/version_0/metrics.csv,,,,outputs_B3/logs/lightning_logs/version_0/metrics.csv
outputs_B_all,outputs_B_all,train_only,1,0,1,7,63999,0.9980172514915466,,0.5219745635986328,,7.291598320007324,,0.014143485575914383,0.6178024411201477,,,,outputs_B_all/logs/lightning_logs/version_0/metrics.csv,,,,outputs_B_all/logs/lightning_logs/version_0/metrics.csv
outputs_ablation_a1,outputs_ablation_a1,empty,0,0,0,,,,,,,,,,,,,,,,,,
outputs_baseline,outputs_baseline,train+eval,1,1,1,15,127999,,,,,3.194758028257638e-05,,,,,,,,,,outputs_baseline/results_favc_trimmed/eval_results.txt,outputs_baseline/logs/lightning_logs/version_0/metrics.csv
outputs_causal,outputs_causal,train+eval,5,1,5,99,799999,0.9981629848480225,0.9982540607452393,0.9972054362297058,,6.130303382873535,,0.0,0.6130288243293762,,,,outputs_causal/logs/lightning_logs/version_2/metrics.csv,,,outputs_causal/results_favc_trimmed/eval_results.txt,outputs_causal/logs/lightning_logs/version_0/metrics.csv;outputs_causal/logs/lightning_logs/version_1/metrics.csv;outputs_causal/logs/lightning_logs/version_2/metrics.csv;outputs_causal/logs/lightning_logs/version_3/metrics.csv;outputs_causal/logs/lightning_logs/version_4/metrics.csv
outputs_causal_club,outputs_causal_club,train_only,1,0,1,70,567999,0.9979223012924194,0.9979652166366577,0.5084584355354309,,1.0248618309560698e-07,,8.73177619098442e-09,,,,,outputs_causal_club/logs/lightning_logs/version_0/metrics.csv,,,,outputs_causal_club/logs/lightning_logs/version_0/metrics.csv
outputs_causal_mi,outputs_causal_mi,train+eval,2,1,2,28,231999,0.9978142976760864,0.9980003833770752,0.5066195130348206,,3.4723390740509785e-07,,4.08291311870812e-09,,,,,outputs_causal_mi/logs/lightning_logs/version_0/metrics.csv,,,outputs_causal_mi/results/eval_results.txt,outputs_causal_mi/logs/lightning_logs/version_0/metrics.csv;outputs_causal_mi/logs/lightning_logs/version_1/metrics.csv
outputs_mi,outputs_mi,train_only,1,0,3,15,127999,,,,,,,,,,,,,,,,outputs_mi/logs/lightning_logs/version_0/metrics.csv
