"group_order","row_order","experiment_group","experiment_name","script","job_ids","model_label","metric_name_raw","metric_name","metric_value","metric_std","metric_delta","source_fragment","paper_usage"
"1","1","STRUCTURAL BASELINE","Frozen overall FAVC AUC (trained head eval, 3-seed mean±std)","submission_prep/collect_main3_seed_results.py","train_main3_multiseed + eval_main3_multiseed_favc_matched","A2","overall","overall","0.7720","0.0216","","overall=0.7720±0.0216","Main OOD performance table"
"1","1","STRUCTURAL BASELINE","Frozen overall FAVC AUC (trained head eval, 3-seed mean±std)","submission_prep/collect_main3_seed_results.py","train_main3_multiseed + eval_main3_multiseed_favc_matched","A2","RV-FA","rv_fa","1.0000","0.0000","","RV-FA=1.0000±0.0000","Main OOD performance table"
"1","1","STRUCTURAL BASELINE","Frozen overall FAVC AUC (trained head eval, 3-seed mean±std)","submission_prep/collect_main3_seed_results.py","train_main3_multiseed + eval_main3_multiseed_favc_matched","A2","FV-RA","fv_ra","0.5004","0.0473","","FV-RA=0.5004±0.0473","Main OOD performance table"
"1","1","STRUCTURAL BASELINE","Frozen overall FAVC AUC (trained head eval, 3-seed mean±std)","submission_prep/collect_main3_seed_results.py","train_main3_multiseed + eval_main3_multiseed_favc_matched","A2","FV-FA","fv_fa","0.9996","0.0001","","FV-FA=0.9996±0.0001","Main OOD performance table"
"1","1","STRUCTURAL BASELINE","Frozen overall FAVC AUC (trained head eval, 3-seed mean±std)","submission_prep/collect_main3_seed_results.py","train_main3_multiseed + eval_main3_multiseed_favc_matched","A5","overall","overall","0.8215","0.0068","","overall=0.8215±0.0068","Main OOD performance table"
"1","1","STRUCTURAL BASELINE","Frozen overall FAVC AUC (trained head eval, 3-seed mean±std)","submission_prep/collect_main3_seed_results.py","train_main3_multiseed + eval_main3_multiseed_favc_matched","A5","RV-FA","rv_fa","0.9985","0.0021","","RV-FA=0.9985±0.0021","Main OOD performance table"
"1","1","STRUCTURAL BASELINE","Frozen overall FAVC AUC (trained head eval, 3-seed mean±std)","submission_prep/collect_main3_seed_results.py","train_main3_multiseed + eval_main3_multiseed_favc_matched","A5","FV-RA","fv_ra","0.6130","0.0143","","FV-RA=0.6130±0.0143","Main OOD performance table"
"1","1","STRUCTURAL BASELINE","Frozen overall FAVC AUC (trained head eval, 3-seed mean±std)","submission_prep/collect_main3_seed_results.py","train_main3_multiseed + eval_main3_multiseed_favc_matched","A5","FV-FA","fv_fa","0.9961","0.0055","","FV-FA=0.9961±0.0055","Main OOD performance table"
"1","1","STRUCTURAL BASELINE","Frozen overall FAVC AUC (trained head eval, 3-seed mean±std)","submission_prep/collect_main3_seed_results.py","train_main3_multiseed + eval_main3_multiseed_favc_matched","A6","overall","overall","0.8439","0.0356","","overall=0.8439±0.0356","Main OOD performance table"
"1","1","STRUCTURAL BASELINE","Frozen overall FAVC AUC (trained head eval, 3-seed mean±std)","submission_prep/collect_main3_seed_results.py","train_main3_multiseed + eval_main3_multiseed_favc_matched","A6","RV-FA","rv_fa","1.0000","0.0000","","RV-FA=1.0000±0.0000","Main OOD performance table"
"1","1","STRUCTURAL BASELINE","Frozen overall FAVC AUC (trained head eval, 3-seed mean±std)","submission_prep/collect_main3_seed_results.py","train_main3_multiseed + eval_main3_multiseed_favc_matched","A6","FV-RA","fv_ra","0.6585","0.0786","","FV-RA=0.6585±0.0786","Main OOD performance table"
"1","1","STRUCTURAL BASELINE","Frozen overall FAVC AUC (trained head eval, 3-seed mean±std)","submission_prep/collect_main3_seed_results.py","train_main3_multiseed + eval_main3_multiseed_favc_matched","A6","FV-FA","fv_fa","0.9991","0.0006","","FV-FA=0.9991±0.0006","Main OOD performance table"
"1","2","STRUCTURAL BASELINE","E2E FAVC AUC (unfrozen encoder)","E2E training + eval","Prior runs","A2_e2e","overall","overall","0.7079","","","overall=0.7079","FCD architecture advantage is not from frozen encoder"
"1","2","STRUCTURAL BASELINE","E2E FAVC AUC (unfrozen encoder)","E2E training + eval","Prior runs","A6_e2e","overall","overall","0.8667","","","overall=0.8667","FCD architecture advantage is not from frozen encoder"
"2","3","PROBE METHODOLOGY","Sequence-based label probe (T=1 bug fix)","avh_sup/eval_label_probe_seq.py","23656786 / 23656787 / 23656788","A2","Zc_ind","zc_ind","0.9420","0.0083","","Zc_ind=0.9420±0.0083","Corrects Section 3.5"
"2","3","PROBE METHODOLOGY","Sequence-based label probe (T=1 bug fix)","avh_sup/eval_label_probe_seq.py","23656786 / 23656787 / 23656788","A2","Zc_OOD","zc_ood","0.7052","","","Zc_OOD=0.7052","Corrects Section 3.5"
"2","3","PROBE METHODOLOGY","Sequence-based label probe (T=1 bug fix)","avh_sup/eval_label_probe_seq.py","23656786 / 23656787 / 23656788","A2","Zc_dom","zc_dom","0.9975","","","Zc_dom=0.9975","Corrects Section 3.5"
"2","3","PROBE METHODOLOGY","Sequence-based label probe (T=1 bug fix)","avh_sup/eval_label_probe_seq.py","23656786 / 23656787 / 23656788","A2","Zs_ind","zs_ind","0.9190","","","Zs_ind=0.9190","Corrects Section 3.5"
"2","3","PROBE METHODOLOGY","Sequence-based label probe (T=1 bug fix)","avh_sup/eval_label_probe_seq.py","23656786 / 23656787 / 23656788","A2","Zs_OOD","zs_ood","0.7396","","","Zs_OOD=0.7396","Corrects Section 3.5"
"2","3","PROBE METHODOLOGY","Sequence-based label probe (T=1 bug fix)","avh_sup/eval_label_probe_seq.py","23656786 / 23656787 / 23656788","A2","Zs_dom","zs_dom","0.9962","","","Zs_dom=0.9962","Corrects Section 3.5"
"2","3","PROBE METHODOLOGY","Sequence-based label probe (T=1 bug fix)","avh_sup/eval_label_probe_seq.py","23656786 / 23656787 / 23656788","A5","Zc_ind","zc_ind","0.9970","0.0026","","Zc_ind=0.9970±0.0026","Corrects Section 3.5"
"2","3","PROBE METHODOLOGY","Sequence-based label probe (T=1 bug fix)","avh_sup/eval_label_probe_seq.py","23656786 / 23656787 / 23656788","A5","Zc_OOD","zc_ood","0.7744","","","Zc_OOD=0.7744","Corrects Section 3.5"
"2","3","PROBE METHODOLOGY","Sequence-based label probe (T=1 bug fix)","avh_sup/eval_label_probe_seq.py","23656786 / 23656787 / 23656788","A5","Zc_dom","zc_dom","0.9966","","","Zc_dom=0.9966","Corrects Section 3.5"
"2","3","PROBE METHODOLOGY","Sequence-based label probe (T=1 bug fix)","avh_sup/eval_label_probe_seq.py","23656786 / 23656787 / 23656788","A5","Zs_ind","zs_ind","0.9967","","","Zs_ind=0.9967","Corrects Section 3.5"
"2","3","PROBE METHODOLOGY","Sequence-based label probe (T=1 bug fix)","avh_sup/eval_label_probe_seq.py","23656786 / 23656787 / 23656788","A5","Zs_OOD","zs_ood","0.7078","","","Zs_OOD=0.7078","Corrects Section 3.5"
"2","3","PROBE METHODOLOGY","Sequence-based label probe (T=1 bug fix)","avh_sup/eval_label_probe_seq.py","23656786 / 23656787 / 23656788","A5","Zs_dom","zs_dom","0.9956","","","Zs_dom=0.9956","Corrects Section 3.5"
"2","3","PROBE METHODOLOGY","Sequence-based label probe (T=1 bug fix)","avh_sup/eval_label_probe_seq.py","23656786 / 23656787 / 23656788","A6","Zc_ind","zc_ind","0.9944","0.0033","","Zc_ind=0.9944±0.0033","Corrects Section 3.5"
"2","3","PROBE METHODOLOGY","Sequence-based label probe (T=1 bug fix)","avh_sup/eval_label_probe_seq.py","23656786 / 23656787 / 23656788","A6","Zc_OOD","zc_ood","0.7480","","","Zc_OOD=0.7480","Corrects Section 3.5"
"2","3","PROBE METHODOLOGY","Sequence-based label probe (T=1 bug fix)","avh_sup/eval_label_probe_seq.py","23656786 / 23656787 / 23656788","A6","Zc_dom","zc_dom","0.9971","","","Zc_dom=0.9971","Corrects Section 3.5"
"2","3","PROBE METHODOLOGY","Sequence-based label probe (T=1 bug fix)","avh_sup/eval_label_probe_seq.py","23656786 / 23656787 / 23656788","A6","Zs_ind","zs_ind","0.9975","","","Zs_ind=0.9975","Corrects Section 3.5"
"2","3","PROBE METHODOLOGY","Sequence-based label probe (T=1 bug fix)","avh_sup/eval_label_probe_seq.py","23656786 / 23656787 / 23656788","A6","Zs_OOD","zs_ood","0.7127","","","Zs_OOD=0.7127","Corrects Section 3.5"
"2","3","PROBE METHODOLOGY","Sequence-based label probe (T=1 bug fix)","avh_sup/eval_label_probe_seq.py","23656786 / 23656787 / 23656788","A6","Zs_dom","zs_dom","0.9974","","","Zs_dom=0.9974","Corrects Section 3.5"
"2","4","PROBE METHODOLOGY","Sequence-based domain probe (AV1M vs FAVC)","avh_sup/eval_label_probe_seq.py","23656786 / 23656787 / 23656788","A2","Zc_dom","zc_dom","0.9975","","","Zc_dom=0.9975","Reframes A6 narrative: gain is head routing not domain-invariant representation"
"2","4","PROBE METHODOLOGY","Sequence-based domain probe (AV1M vs FAVC)","avh_sup/eval_label_probe_seq.py","23656786 / 23656787 / 23656788","A2","Zs_dom","zs_dom","0.9962","","","Zs_dom=0.9962","Reframes A6 narrative: gain is head routing not domain-invariant representation"
"2","4","PROBE METHODOLOGY","Sequence-based domain probe (AV1M vs FAVC)","avh_sup/eval_label_probe_seq.py","23656786 / 23656787 / 23656788","A5","Zc_dom","zc_dom","0.9966","","","Zc_dom=0.9966","Reframes A6 narrative: gain is head routing not domain-invariant representation"
"2","4","PROBE METHODOLOGY","Sequence-based domain probe (AV1M vs FAVC)","avh_sup/eval_label_probe_seq.py","23656786 / 23656787 / 23656788","A5","Zs_dom","zs_dom","0.9956","","","Zs_dom=0.9956","Reframes A6 narrative: gain is head routing not domain-invariant representation"
"2","4","PROBE METHODOLOGY","Sequence-based domain probe (AV1M vs FAVC)","avh_sup/eval_label_probe_seq.py","23656786 / 23656787 / 23656788","A6","Zc_dom","zc_dom","0.9971","","","Zc_dom=0.9971","Reframes A6 narrative: gain is head routing not domain-invariant representation"
"2","4","PROBE METHODOLOGY","Sequence-based domain probe (AV1M vs FAVC)","avh_sup/eval_label_probe_seq.py","23656786 / 23656787 / 23656788","A6","Zs_dom","zs_dom","0.9974","","","Zs_dom=0.9974","Reframes A6 narrative: gain is head routing not domain-invariant representation"
"3","5","BRANCH PROBE (AV1M)","Audio masking","avh_sup/eval_branch_probe_perturb.py","23656619-21 + 23656789-91","A2","Zc_base","zc_base","0.9421","","","Zc_base=0.9421","FCD Z_c has more non-audio capacity"
"3","5","BRANCH PROBE (AV1M)","Audio masking","avh_sup/eval_branch_probe_perturb.py","23656619-21 + 23656789-91","A2","Zc@100%","zc_at_100pct","0.5332","","","Zc@100%=0.5332 (delta=-0.4089)","FCD Z_c has more non-audio capacity"
"3","5","BRANCH PROBE (AV1M)","Audio masking","avh_sup/eval_branch_probe_perturb.py","23656619-21 + 23656789-91","A2","delta","delta","-0.4089","","","Zc@100%=0.5332 (delta=-0.4089)","FCD Z_c has more non-audio capacity"
"3","5","BRANCH PROBE (AV1M)","Audio masking","avh_sup/eval_branch_probe_perturb.py","23656619-21 + 23656789-91","A2","Zs@100%","zs_at_100pct","0.5287","","","Zs@100%=0.5287","FCD Z_c has more non-audio capacity"
"3","5","BRANCH PROBE (AV1M)","Audio masking","avh_sup/eval_branch_probe_perturb.py","23656619-21 + 23656789-91","A5","Zc_base","zc_base","0.9970","","","Zc_base=0.9970","FCD Z_c has more non-audio capacity"
"3","5","BRANCH PROBE (AV1M)","Audio masking","avh_sup/eval_branch_probe_perturb.py","23656619-21 + 23656789-91","A5","Zc@100%","zc_at_100pct","0.6990","","","Zc@100%=0.6990 (delta=-0.2980)","FCD Z_c has more non-audio capacity"
"3","5","BRANCH PROBE (AV1M)","Audio masking","avh_sup/eval_branch_probe_perturb.py","23656619-21 + 23656789-91","A5","delta","delta","-0.2980","","","Zc@100%=0.6990 (delta=-0.2980)","FCD Z_c has more non-audio capacity"
"3","5","BRANCH PROBE (AV1M)","Audio masking","avh_sup/eval_branch_probe_perturb.py","23656619-21 + 23656789-91","A5","Zs@100%","zs_at_100pct","0.6882","","","Zs@100%=0.6882","FCD Z_c has more non-audio capacity"
"3","5","BRANCH PROBE (AV1M)","Audio masking","avh_sup/eval_branch_probe_perturb.py","23656619-21 + 23656789-91","A6","Zc_base","zc_base","0.9948","","","Zc_base=0.9948","FCD Z_c has more non-audio capacity"
"3","5","BRANCH PROBE (AV1M)","Audio masking","avh_sup/eval_branch_probe_perturb.py","23656619-21 + 23656789-91","A6","Zc@100%","zc_at_100pct","0.6624","","","Zc@100%=0.6624 (delta=-0.3325)","FCD Z_c has more non-audio capacity"
"3","5","BRANCH PROBE (AV1M)","Audio masking","avh_sup/eval_branch_probe_perturb.py","23656619-21 + 23656789-91","A6","delta","delta","-0.3325","","","Zc@100%=0.6624 (delta=-0.3325)","FCD Z_c has more non-audio capacity"
"3","5","BRANCH PROBE (AV1M)","Audio masking","avh_sup/eval_branch_probe_perturb.py","23656619-21 + 23656789-91","A6","Zs@100%","zs_at_100pct","0.6888","","","Zs@100%=0.6888","FCD Z_c has more non-audio capacity"
"3","6","BRANCH PROBE (AV1M)","Audio noise","avh_sup/eval_branch_probe_perturb.py","23656789 / 23656790 / 23656791","A2","Zc_base","zc_base","0.9421","","","Zc_base=0.9421","Two methods agree on non-audio residual"
"3","6","BRANCH PROBE (AV1M)","Audio noise","avh_sup/eval_branch_probe_perturb.py","23656789 / 23656790 / 23656791","A2","Zc_sigma_1.0","zc_sigma_1_0","0.5664","","","Zc_sigma_1.0=0.5664 (delta=-0.3757)","Two methods agree on non-audio residual"
"3","6","BRANCH PROBE (AV1M)","Audio noise","avh_sup/eval_branch_probe_perturb.py","23656789 / 23656790 / 23656791","A2","delta","delta","-0.3757","","","Zc_sigma_1.0=0.5664 (delta=-0.3757)","Two methods agree on non-audio residual"
"3","6","BRANCH PROBE (AV1M)","Audio noise","avh_sup/eval_branch_probe_perturb.py","23656789 / 23656790 / 23656791","A2","Zs_sigma_1.0","zs_sigma_1_0","0.5555","","","Zs_sigma_1.0=0.5555","Two methods agree on non-audio residual"
"3","6","BRANCH PROBE (AV1M)","Audio noise","avh_sup/eval_branch_probe_perturb.py","23656789 / 23656790 / 23656791","A5","Zc_base","zc_base","0.9970","","","Zc_base=0.9970","Two methods agree on non-audio residual"
"3","6","BRANCH PROBE (AV1M)","Audio noise","avh_sup/eval_branch_probe_perturb.py","23656789 / 23656790 / 23656791","A5","Zc_sigma_1.0","zc_sigma_1_0","0.6972","","","Zc_sigma_1.0=0.6972 (delta=-0.2998)","Two methods agree on non-audio residual"
"3","6","BRANCH PROBE (AV1M)","Audio noise","avh_sup/eval_branch_probe_perturb.py","23656789 / 23656790 / 23656791","A5","delta","delta","-0.2998","","","Zc_sigma_1.0=0.6972 (delta=-0.2998)","Two methods agree on non-audio residual"
"3","6","BRANCH PROBE (AV1M)","Audio noise","avh_sup/eval_branch_probe_perturb.py","23656789 / 23656790 / 23656791","A5","Zs_sigma_1.0","zs_sigma_1_0","0.7120","","","Zs_sigma_1.0=0.7120","Two methods agree on non-audio residual"
"3","6","BRANCH PROBE (AV1M)","Audio noise","avh_sup/eval_branch_probe_perturb.py","23656789 / 23656790 / 23656791","A6","Zc_base","zc_base","0.9948","","","Zc_base=0.9948","Two methods agree on non-audio residual"
"3","6","BRANCH PROBE (AV1M)","Audio noise","avh_sup/eval_branch_probe_perturb.py","23656789 / 23656790 / 23656791","A6","Zc_sigma_1.0","zc_sigma_1_0","0.6741","","","Zc_sigma_1.0=0.6741 (delta=-0.3208)","Two methods agree on non-audio residual"
"3","6","BRANCH PROBE (AV1M)","Audio noise","avh_sup/eval_branch_probe_perturb.py","23656789 / 23656790 / 23656791","A6","delta","delta","-0.3208","","","Zc_sigma_1.0=0.6741 (delta=-0.3208)","Two methods agree on non-audio residual"
"3","6","BRANCH PROBE (AV1M)","Audio noise","avh_sup/eval_branch_probe_perturb.py","23656789 / 23656790 / 23656791","A6","Zs_sigma_1.0","zs_sigma_1_0","0.7115","","","Zs_sigma_1.0=0.7115","Two methods agree on non-audio residual"
"3","7","BRANCH PROBE (AV1M)","Visual masking (negative control)","avh_sup/eval_branch_probe_perturb.py","23656789 / 23656790 / 23656791","A2","Zc_base","zc_base","0.9421","","","Zc_base=0.9421","Negative control: confirms FAVC FV-RA is the right visual test"
"3","7","BRANCH PROBE (AV1M)","Visual masking (negative control)","avh_sup/eval_branch_probe_perturb.py","23656789 / 23656790 / 23656791","A2","Zc@100%","zc_at_100pct","0.9057","","","Zc@100%=0.9057 (delta=-0.0364)","Negative control: confirms FAVC FV-RA is the right visual test"
"3","7","BRANCH PROBE (AV1M)","Visual masking (negative control)","avh_sup/eval_branch_probe_perturb.py","23656789 / 23656790 / 23656791","A2","delta","delta","-0.0364","","","Zc@100%=0.9057 (delta=-0.0364)","Negative control: confirms FAVC FV-RA is the right visual test"
"3","7","BRANCH PROBE (AV1M)","Visual masking (negative control)","avh_sup/eval_branch_probe_perturb.py","23656789 / 23656790 / 23656791","A5","Zc_base","zc_base","0.9970","","","Zc_base=0.9970","Negative control: confirms FAVC FV-RA is the right visual test"
"3","7","BRANCH PROBE (AV1M)","Visual masking (negative control)","avh_sup/eval_branch_probe_perturb.py","23656789 / 23656790 / 23656791","A5","Zc@100%","zc_at_100pct","0.9958","","","Zc@100%=0.9958 (delta=-0.0012)","Negative control: confirms FAVC FV-RA is the right visual test"
"3","7","BRANCH PROBE (AV1M)","Visual masking (negative control)","avh_sup/eval_branch_probe_perturb.py","23656789 / 23656790 / 23656791","A5","delta","delta","-0.0012","","","Zc@100%=0.9958 (delta=-0.0012)","Negative control: confirms FAVC FV-RA is the right visual test"
"3","7","BRANCH PROBE (AV1M)","Visual masking (negative control)","avh_sup/eval_branch_probe_perturb.py","23656789 / 23656790 / 23656791","A6","Zc_base","zc_base","0.9948","","","Zc_base=0.9948","Negative control: confirms FAVC FV-RA is the right visual test"
"3","7","BRANCH PROBE (AV1M)","Visual masking (negative control)","avh_sup/eval_branch_probe_perturb.py","23656789 / 23656790 / 23656791","A6","Zc@100%","zc_at_100pct","0.9960","","","Zc@100%=0.9960 (delta=+0.0012)","Negative control: confirms FAVC FV-RA is the right visual test"
"3","7","BRANCH PROBE (AV1M)","Visual masking (negative control)","avh_sup/eval_branch_probe_perturb.py","23656789 / 23656790 / 23656791","A6","delta","delta","+0.0012","","","Zc@100%=0.9960 (delta=+0.0012)","Negative control: confirms FAVC FV-RA is the right visual test"
"3","8","BRANCH PROBE (AV1M)","Visual noise (negative control)","avh_sup/eval_branch_probe_perturb.py","23656789 / 23656790 / 23656791","A2","Zc_base","zc_base","0.9421","","","Zc_base=0.9421","Confirms visual noise matters only when visual fakes are present (FAVC FV-RA)"
"3","8","BRANCH PROBE (AV1M)","Visual noise (negative control)","avh_sup/eval_branch_probe_perturb.py","23656789 / 23656790 / 23656791","A2","Zc_sigma_1.0","zc_sigma_1_0","0.8995","","","Zc_sigma_1.0=0.8995 (delta=-0.0426)","Confirms visual noise matters only when visual fakes are present (FAVC FV-RA)"
"3","8","BRANCH PROBE (AV1M)","Visual noise (negative control)","avh_sup/eval_branch_probe_perturb.py","23656789 / 23656790 / 23656791","A2","delta","delta","-0.0426","","","Zc_sigma_1.0=0.8995 (delta=-0.0426)","Confirms visual noise matters only when visual fakes are present (FAVC FV-RA)"
"3","8","BRANCH PROBE (AV1M)","Visual noise (negative control)","avh_sup/eval_branch_probe_perturb.py","23656789 / 23656790 / 23656791","A5","Zc_base","zc_base","0.9970","","","Zc_base=0.9970","Confirms visual noise matters only when visual fakes are present (FAVC FV-RA)"
"3","8","BRANCH PROBE (AV1M)","Visual noise (negative control)","avh_sup/eval_branch_probe_perturb.py","23656789 / 23656790 / 23656791","A5","Zc_sigma_1.0","zc_sigma_1_0","0.9940","","","Zc_sigma_1.0=0.9940 (delta=-0.0030)","Confirms visual noise matters only when visual fakes are present (FAVC FV-RA)"
"3","8","BRANCH PROBE (AV1M)","Visual noise (negative control)","avh_sup/eval_branch_probe_perturb.py","23656789 / 23656790 / 23656791","A5","delta","delta","-0.0030","","","Zc_sigma_1.0=0.9940 (delta=-0.0030)","Confirms visual noise matters only when visual fakes are present (FAVC FV-RA)"
"3","8","BRANCH PROBE (AV1M)","Visual noise (negative control)","avh_sup/eval_branch_probe_perturb.py","23656789 / 23656790 / 23656791","A6","Zc_base","zc_base","0.9948","","","Zc_base=0.9948","Confirms visual noise matters only when visual fakes are present (FAVC FV-RA)"
"3","8","BRANCH PROBE (AV1M)","Visual noise (negative control)","avh_sup/eval_branch_probe_perturb.py","23656789 / 23656790 / 23656791","A6","Zc_sigma_1.0","zc_sigma_1_0","0.9939","","","Zc_sigma_1.0=0.9939 (delta=-0.0009)","Confirms visual noise matters only when visual fakes are present (FAVC FV-RA)"
"3","8","BRANCH PROBE (AV1M)","Visual noise (negative control)","avh_sup/eval_branch_probe_perturb.py","23656789 / 23656790 / 23656791","A6","delta","delta","-0.0009","","","Zc_sigma_1.0=0.9939 (delta=-0.0009)","Confirms visual noise matters only when visual fakes are present (FAVC FV-RA)"
"4","9","A2 TRAINED HEAD (PER CATEGORY)","A2 causal head: FV-RA under all perturbation types","avh_sup/eval_perturbation_robustness.py","23656795","A2 only","baseline","baseline","0.5462","","","baseline=0.5462","Hard proof of trained-head failure. Contrast with FAVC branch probe Z_c=0.99 on FV-RA"
"4","9","A2 TRAINED HEAD (PER CATEGORY)","A2 causal head: FV-RA under all perturbation types","avh_sup/eval_perturbation_robustness.py","23656795","A2 only","audio_noise@1.0","audio_noise_at_1_0","0.3198","","","audio_noise@1.0=0.3198","Hard proof of trained-head failure. Contrast with FAVC branch probe Z_c=0.99 on FV-RA"
"4","9","A2 TRAINED HEAD (PER CATEGORY)","A2 causal head: FV-RA under all perturbation types","avh_sup/eval_perturbation_robustness.py","23656795","A2 only","visual_noise@1.0","visual_noise_at_1_0","0.4714","","","visual_noise@1.0=0.4714","Hard proof of trained-head failure. Contrast with FAVC branch probe Z_c=0.99 on FV-RA"
"4","9","A2 TRAINED HEAD (PER CATEGORY)","A2 causal head: FV-RA under all perturbation types","avh_sup/eval_perturbation_robustness.py","23656795","A2 only","audio_mask@100%","audio_mask_at_100pct","0.5253","","","audio_mask@100%=0.5253","Hard proof of trained-head failure. Contrast with FAVC branch probe Z_c=0.99 on FV-RA"
"4","9","A2 TRAINED HEAD (PER CATEGORY)","A2 causal head: FV-RA under all perturbation types","avh_sup/eval_perturbation_robustness.py","23656795","A2 only","visual_mask@100%","visual_mask_at_100pct","0.4694","","","visual_mask@100%=0.4694","Hard proof of trained-head failure. Contrast with FAVC branch probe Z_c=0.99 on FV-RA"
"4","9","A2 TRAINED HEAD (PER CATEGORY)","A2 causal head: FV-RA under all perturbation types","avh_sup/eval_perturbation_robustness.py","23656795","A2 only","temporal_shuffle@100%","temporal_shuffle_at_100pct","0.4903","","","temporal_shuffle@100%=0.4903","Hard proof of trained-head failure. Contrast with FAVC branch probe Z_c=0.99 on FV-RA"
"5","10","FAVC BRANCH PROBE","FV-RA: audio masking (Z_c survives?)","avh_sup/eval_favc_branch_probe_perturb.py","23656792 / 23656793 / 23656794","A2","base","base","0.9925","","","base=0.9925","Key: Z_c probe=0.99 vs A2 trained head=0.49 on FV-RA → routing problem proven"
"5","10","FAVC BRANCH PROBE","FV-RA: audio masking (Z_c survives?)","avh_sup/eval_favc_branch_probe_perturb.py","23656792 / 23656793 / 23656794","A2","audio_mask@100%","audio_mask_at_100pct","0.9882","","","audio_mask@100%=0.9882 (delta=-0.0043)","Key: Z_c probe=0.99 vs A2 trained head=0.49 on FV-RA → routing problem proven"
"5","10","FAVC BRANCH PROBE","FV-RA: audio masking (Z_c survives?)","avh_sup/eval_favc_branch_probe_perturb.py","23656792 / 23656793 / 23656794","A2","delta","delta","-0.0043","","","audio_mask@100%=0.9882 (delta=-0.0043)","Key: Z_c probe=0.99 vs A2 trained head=0.49 on FV-RA → routing problem proven"
"5","10","FAVC BRANCH PROBE","FV-RA: audio masking (Z_c survives?)","avh_sup/eval_favc_branch_probe_perturb.py","23656792 / 23656793 / 23656794","A5","base","base","0.9898","","","base=0.9898","Key: Z_c probe=0.99 vs A2 trained head=0.49 on FV-RA → routing problem proven"
"5","10","FAVC BRANCH PROBE","FV-RA: audio masking (Z_c survives?)","avh_sup/eval_favc_branch_probe_perturb.py","23656792 / 23656793 / 23656794","A5","audio_mask@100%","audio_mask_at_100pct","0.9924","","","audio_mask@100%=0.9924 (delta=+0.0025)","Key: Z_c probe=0.99 vs A2 trained head=0.49 on FV-RA → routing problem proven"
"5","10","FAVC BRANCH PROBE","FV-RA: audio masking (Z_c survives?)","avh_sup/eval_favc_branch_probe_perturb.py","23656792 / 23656793 / 23656794","A5","delta","delta","+0.0025","","","audio_mask@100%=0.9924 (delta=+0.0025)","Key: Z_c probe=0.99 vs A2 trained head=0.49 on FV-RA → routing problem proven"
"5","10","FAVC BRANCH PROBE","FV-RA: audio masking (Z_c survives?)","avh_sup/eval_favc_branch_probe_perturb.py","23656792 / 23656793 / 23656794","A6","base","base","0.9892","","","base=0.9892","Key: Z_c probe=0.99 vs A2 trained head=0.49 on FV-RA → routing problem proven"
"5","10","FAVC BRANCH PROBE","FV-RA: audio masking (Z_c survives?)","avh_sup/eval_favc_branch_probe_perturb.py","23656792 / 23656793 / 23656794","A6","audio_mask@100%","audio_mask_at_100pct","0.9807","","","audio_mask@100%=0.9807 (delta=-0.0085)","Key: Z_c probe=0.99 vs A2 trained head=0.49 on FV-RA → routing problem proven"
"5","10","FAVC BRANCH PROBE","FV-RA: audio masking (Z_c survives?)","avh_sup/eval_favc_branch_probe_perturb.py","23656792 / 23656793 / 23656794","A6","delta","delta","-0.0085","","","audio_mask@100%=0.9807 (delta=-0.0085)","Key: Z_c probe=0.99 vs A2 trained head=0.49 on FV-RA → routing problem proven"
"5","11","FAVC BRANCH PROBE","FV-RA: visual masking (sanity collapse)","avh_sup/eval_favc_branch_probe_perturb.py","23656792 / 23656793 / 23656794","A2","base","base","0.9925","","","base=0.9925","Sanity check: modality-specific collapse validates probe methodology"
"5","11","FAVC BRANCH PROBE","FV-RA: visual masking (sanity collapse)","avh_sup/eval_favc_branch_probe_perturb.py","23656792 / 23656793 / 23656794","A2","visual_mask@100%","visual_mask_at_100pct","0.3565","","","visual_mask@100%=0.3565 (delta=-0.6361)","Sanity check: modality-specific collapse validates probe methodology"
"5","11","FAVC BRANCH PROBE","FV-RA: visual masking (sanity collapse)","avh_sup/eval_favc_branch_probe_perturb.py","23656792 / 23656793 / 23656794","A2","delta","delta","-0.6361","","","visual_mask@100%=0.3565 (delta=-0.6361)","Sanity check: modality-specific collapse validates probe methodology"
"5","11","FAVC BRANCH PROBE","FV-RA: visual masking (sanity collapse)","avh_sup/eval_favc_branch_probe_perturb.py","23656792 / 23656793 / 23656794","A5","base","base","0.9898","","","base=0.9898","Sanity check: modality-specific collapse validates probe methodology"
"5","11","FAVC BRANCH PROBE","FV-RA: visual masking (sanity collapse)","avh_sup/eval_favc_branch_probe_perturb.py","23656792 / 23656793 / 23656794","A5","visual_mask@100%","visual_mask_at_100pct","0.3400","","","visual_mask@100%=0.3400 (delta=-0.6499)","Sanity check: modality-specific collapse validates probe methodology"
"5","11","FAVC BRANCH PROBE","FV-RA: visual masking (sanity collapse)","avh_sup/eval_favc_branch_probe_perturb.py","23656792 / 23656793 / 23656794","A5","delta","delta","-0.6499","","","visual_mask@100%=0.3400 (delta=-0.6499)","Sanity check: modality-specific collapse validates probe methodology"
"5","11","FAVC BRANCH PROBE","FV-RA: visual masking (sanity collapse)","avh_sup/eval_favc_branch_probe_perturb.py","23656792 / 23656793 / 23656794","A6","base","base","0.9892","","","base=0.9892","Sanity check: modality-specific collapse validates probe methodology"
"5","11","FAVC BRANCH PROBE","FV-RA: visual masking (sanity collapse)","avh_sup/eval_favc_branch_probe_perturb.py","23656792 / 23656793 / 23656794","A6","visual_mask@100%","visual_mask_at_100pct","0.3248","","","visual_mask@100%=0.3248 (delta=-0.6643)","Sanity check: modality-specific collapse validates probe methodology"
"5","11","FAVC BRANCH PROBE","FV-RA: visual masking (sanity collapse)","avh_sup/eval_favc_branch_probe_perturb.py","23656792 / 23656793 / 23656794","A6","delta","delta","-0.6643","","","visual_mask@100%=0.3248 (delta=-0.6643)","Sanity check: modality-specific collapse validates probe methodology"
"5","12","FAVC BRANCH PROBE","RV-FA: audio mask vs visual mask (modality specificity)","avh_sup/eval_favc_branch_probe_perturb.py","23656792 / 23656793 / 23656794","A2","base","base","0.9915","","","base=0.9915","Validates probe framework. Confirms Z_c modality assignment"
"5","12","FAVC BRANCH PROBE","RV-FA: audio mask vs visual mask (modality specificity)","avh_sup/eval_favc_branch_probe_perturb.py","23656792 / 23656793 / 23656794","A2","audio_mask@100%","audio_mask_at_100pct","0.4240","","","audio_mask@100%=0.4240","Validates probe framework. Confirms Z_c modality assignment"
"5","12","FAVC BRANCH PROBE","RV-FA: audio mask vs visual mask (modality specificity)","avh_sup/eval_favc_branch_probe_perturb.py","23656792 / 23656793 / 23656794","A2","visual_mask@100%","visual_mask_at_100pct","0.9910","","","visual_mask@100%=0.9910","Validates probe framework. Confirms Z_c modality assignment"
"5","12","FAVC BRANCH PROBE","RV-FA: audio mask vs visual mask (modality specificity)","avh_sup/eval_favc_branch_probe_perturb.py","23656792 / 23656793 / 23656794","A5","base","base","1.0000","","","base=1.0000","Validates probe framework. Confirms Z_c modality assignment"
"5","12","FAVC BRANCH PROBE","RV-FA: audio mask vs visual mask (modality specificity)","avh_sup/eval_favc_branch_probe_perturb.py","23656792 / 23656793 / 23656794","A5","audio_mask@100%","audio_mask_at_100pct","0.3700","","","audio_mask@100%=0.3700","Validates probe framework. Confirms Z_c modality assignment"
"5","12","FAVC BRANCH PROBE","RV-FA: audio mask vs visual mask (modality specificity)","avh_sup/eval_favc_branch_probe_perturb.py","23656792 / 23656793 / 23656794","A5","visual_mask@100%","visual_mask_at_100pct","1.0000","","","visual_mask@100%=1.0000","Validates probe framework. Confirms Z_c modality assignment"
"5","12","FAVC BRANCH PROBE","RV-FA: audio mask vs visual mask (modality specificity)","avh_sup/eval_favc_branch_probe_perturb.py","23656792 / 23656793 / 23656794","A6","base","base","1.0000","","","base=1.0000","Validates probe framework. Confirms Z_c modality assignment"
"5","12","FAVC BRANCH PROBE","RV-FA: audio mask vs visual mask (modality specificity)","avh_sup/eval_favc_branch_probe_perturb.py","23656792 / 23656793 / 23656794","A6","audio_mask@100%","audio_mask_at_100pct","0.3505","","","audio_mask@100%=0.3505","Validates probe framework. Confirms Z_c modality assignment"
"5","12","FAVC BRANCH PROBE","RV-FA: audio mask vs visual mask (modality specificity)","avh_sup/eval_favc_branch_probe_perturb.py","23656792 / 23656793 / 23656794","A6","visual_mask@100%","visual_mask_at_100pct","1.0000","","","visual_mask@100%=1.0000","Validates probe framework. Confirms Z_c modality assignment"
"5","13","FAVC BRANCH PROBE","FV-RA: visual noise gradient (model sensitivity)","avh_sup/eval_favc_branch_probe_perturb.py","23656792 / 23656793 / 23656794","A2","base","base","0.9925","","","base=0.9925","Signature of genuine visual specialization. Use alongside head ablation"
"5","13","FAVC BRANCH PROBE","FV-RA: visual noise gradient (model sensitivity)","avh_sup/eval_favc_branch_probe_perturb.py","23656792 / 23656793 / 23656794","A2","visual_noise_sigma_1.0","visual_noise_sigma_1_0","0.6519","","","visual_noise_sigma_1.0=0.6519 (delta=-0.3407)","Signature of genuine visual specialization. Use alongside head ablation"
"5","13","FAVC BRANCH PROBE","FV-RA: visual noise gradient (model sensitivity)","avh_sup/eval_favc_branch_probe_perturb.py","23656792 / 23656793 / 23656794","A2","delta","delta","-0.3407","","","visual_noise_sigma_1.0=0.6519 (delta=-0.3407)","Signature of genuine visual specialization. Use alongside head ablation"
"5","13","FAVC BRANCH PROBE","FV-RA: visual noise gradient (model sensitivity)","avh_sup/eval_favc_branch_probe_perturb.py","23656792 / 23656793 / 23656794","A5","base","base","0.9898","","","base=0.9898","Signature of genuine visual specialization. Use alongside head ablation"
"5","13","FAVC BRANCH PROBE","FV-RA: visual noise gradient (model sensitivity)","avh_sup/eval_favc_branch_probe_perturb.py","23656792 / 23656793 / 23656794","A5","visual_noise_sigma_1.0","visual_noise_sigma_1_0","0.5251","","","visual_noise_sigma_1.0=0.5251 (delta=-0.4648)","Signature of genuine visual specialization. Use alongside head ablation"
"5","13","FAVC BRANCH PROBE","FV-RA: visual noise gradient (model sensitivity)","avh_sup/eval_favc_branch_probe_perturb.py","23656792 / 23656793 / 23656794","A5","delta","delta","-0.4648","","","visual_noise_sigma_1.0=0.5251 (delta=-0.4648)","Signature of genuine visual specialization. Use alongside head ablation"
"5","13","FAVC BRANCH PROBE","FV-RA: visual noise gradient (model sensitivity)","avh_sup/eval_favc_branch_probe_perturb.py","23656792 / 23656793 / 23656794","A6","base","base","0.9892","","","base=0.9892","Signature of genuine visual specialization. Use alongside head ablation"
"5","13","FAVC BRANCH PROBE","FV-RA: visual noise gradient (model sensitivity)","avh_sup/eval_favc_branch_probe_perturb.py","23656792 / 23656793 / 23656794","A6","visual_noise_sigma_1.0","visual_noise_sigma_1_0","0.4964","","","visual_noise_sigma_1.0=0.4964 (delta=-0.4928)","Signature of genuine visual specialization. Use alongside head ablation"
"5","13","FAVC BRANCH PROBE","FV-RA: visual noise gradient (model sensitivity)","avh_sup/eval_favc_branch_probe_perturb.py","23656792 / 23656793 / 23656794","A6","delta","delta","-0.4928","","","visual_noise_sigma_1.0=0.4964 (delta=-0.4928)","Signature of genuine visual specialization. Use alongside head ablation"
"6","14","SUBSPACE PROBE","A2 causal halves v_c / a_c / v_s / a_s (dim=512 each)","avh_sup/eval_subspace_probe.py","23658622","A2","ind","ind","0.5704","0.0313","","v_c: ind=0.5704±0.0313","Establishes A2 has visual OOD capacity at Z_c level; head routing is the bottleneck"
"6","14","SUBSPACE PROBE","A2 causal halves v_c / a_c / v_s / a_s (dim=512 each)","avh_sup/eval_subspace_probe.py","23658622","A2","OOD","ood","0.8906","","","OOD=0.8906","Establishes A2 has visual OOD capacity at Z_c level; head routing is the bottleneck"
"6","14","SUBSPACE PROBE","A2 causal halves v_c / a_c / v_s / a_s (dim=512 each)","avh_sup/eval_subspace_probe.py","23658622","A2","dom","dom","0.9944","0.0017","","dom=0.9944±0.0017","Establishes A2 has visual OOD capacity at Z_c level; head routing is the bottleneck"
"6","14","SUBSPACE PROBE","A2 causal halves v_c / a_c / v_s / a_s (dim=512 each)","avh_sup/eval_subspace_probe.py","23658622","A2","ind","ind","0.9431","0.0083","","a_c: ind=0.9431±0.0083","Establishes A2 has visual OOD capacity at Z_c level; head routing is the bottleneck"
"6","14","SUBSPACE PROBE","A2 causal halves v_c / a_c / v_s / a_s (dim=512 each)","avh_sup/eval_subspace_probe.py","23658622","A2","OOD","ood","0.7553","","","OOD=0.7553","Establishes A2 has visual OOD capacity at Z_c level; head routing is the bottleneck"
"6","14","SUBSPACE PROBE","A2 causal halves v_c / a_c / v_s / a_s (dim=512 each)","avh_sup/eval_subspace_probe.py","23658622","A2","dom","dom","0.9824","0.0035","","dom=0.9824±0.0035","Establishes A2 has visual OOD capacity at Z_c level; head routing is the bottleneck"
"6","14","SUBSPACE PROBE","A2 causal halves v_c / a_c / v_s / a_s (dim=512 each)","avh_sup/eval_subspace_probe.py","23658622","A2","ind","ind","0.5570","0.0304","","v_s: ind=0.5570±0.0304","Establishes A2 has visual OOD capacity at Z_c level; head routing is the bottleneck"
"6","14","SUBSPACE PROBE","A2 causal halves v_c / a_c / v_s / a_s (dim=512 each)","avh_sup/eval_subspace_probe.py","23658622","A2","OOD","ood","0.9140","","","OOD=0.9140","Establishes A2 has visual OOD capacity at Z_c level; head routing is the bottleneck"
"6","14","SUBSPACE PROBE","A2 causal halves v_c / a_c / v_s / a_s (dim=512 each)","avh_sup/eval_subspace_probe.py","23658622","A2","dom","dom","0.9895","0.0030","","dom=0.9895±0.0030","Establishes A2 has visual OOD capacity at Z_c level; head routing is the bottleneck"
"6","14","SUBSPACE PROBE","A2 causal halves v_c / a_c / v_s / a_s (dim=512 each)","avh_sup/eval_subspace_probe.py","23658622","A2","ind","ind","0.9158","0.0088","","a_s: ind=0.9158±0.0088","Establishes A2 has visual OOD capacity at Z_c level; head routing is the bottleneck"
"6","14","SUBSPACE PROBE","A2 causal halves v_c / a_c / v_s / a_s (dim=512 each)","avh_sup/eval_subspace_probe.py","23658622","A2","OOD","ood","0.7626","","","OOD=0.7626","Establishes A2 has visual OOD capacity at Z_c level; head routing is the bottleneck"
"6","14","SUBSPACE PROBE","A2 causal halves v_c / a_c / v_s / a_s (dim=512 each)","avh_sup/eval_subspace_probe.py","23658622","A2","dom","dom","0.9797","0.0059","","dom=0.9797±0.0059","Establishes A2 has visual OOD capacity at Z_c level; head routing is the bottleneck"
"6","14","SUBSPACE PROBE","A2 causal halves v_c / a_c / v_s / a_s (dim=512 each)","avh_sup/eval_subspace_probe.py","23658622","A2","ind","ind","0.9420","","","Z_c: ind=0.9420 OOD=0.7052 dom=0.9975","Establishes A2 has visual OOD capacity at Z_c level; head routing is the bottleneck"
"6","14","SUBSPACE PROBE","A2 causal halves v_c / a_c / v_s / a_s (dim=512 each)","avh_sup/eval_subspace_probe.py","23658622","A2","OOD","ood","0.7052","","","Z_c: ind=0.9420 OOD=0.7052 dom=0.9975","Establishes A2 has visual OOD capacity at Z_c level; head routing is the bottleneck"
"6","14","SUBSPACE PROBE","A2 causal halves v_c / a_c / v_s / a_s (dim=512 each)","avh_sup/eval_subspace_probe.py","23658622","A2","dom","dom","0.9975","","","Z_c: ind=0.9420 OOD=0.7052 dom=0.9975","Establishes A2 has visual OOD capacity at Z_c level; head routing is the bottleneck"
"6","14","SUBSPACE PROBE","A2 causal halves v_c / a_c / v_s / a_s (dim=512 each)","avh_sup/eval_subspace_probe.py","23658622","A2","ind","ind","0.9190","","","Z_s: ind=0.9190 OOD=0.7396 dom=0.9962","Establishes A2 has visual OOD capacity at Z_c level; head routing is the bottleneck"
"6","14","SUBSPACE PROBE","A2 causal halves v_c / a_c / v_s / a_s (dim=512 each)","avh_sup/eval_subspace_probe.py","23658622","A2","OOD","ood","0.7396","","","Z_s: ind=0.9190 OOD=0.7396 dom=0.9962","Establishes A2 has visual OOD capacity at Z_c level; head routing is the bottleneck"
"6","14","SUBSPACE PROBE","A2 causal halves v_c / a_c / v_s / a_s (dim=512 each)","avh_sup/eval_subspace_probe.py","23658622","A2","dom","dom","0.9962","","","Z_s: ind=0.9190 OOD=0.7396 dom=0.9962","Establishes A2 has visual OOD capacity at Z_c level; head routing is the bottleneck"
"6","15","SUBSPACE PROBE","FCD visual subspaces s_v / u_v (dim=256 each)","avh_sup/eval_subspace_probe.py","23658623 / 23658624","A2","Zc_OOD","zc_ood","0.7052","","","A2 ref: Zc_OOD=0.7052 (1024-dim baseline)","Strongest representation evidence. FCD u_v (256-dim) outperforms binary Z_c (1024-dim) on OOD"
"6","15","SUBSPACE PROBE","FCD visual subspaces s_v / u_v (dim=256 each)","avh_sup/eval_subspace_probe.py","23658623 / 23658624","A5","ind","ind","0.5672","0.0172","","s_v: ind=0.5672±0.0172","Strongest representation evidence. FCD u_v (256-dim) outperforms binary Z_c (1024-dim) on OOD"
"6","15","SUBSPACE PROBE","FCD visual subspaces s_v / u_v (dim=256 each)","avh_sup/eval_subspace_probe.py","23658623 / 23658624","A5","OOD","ood","0.8138","","","OOD=0.8138","Strongest representation evidence. FCD u_v (256-dim) outperforms binary Z_c (1024-dim) on OOD"
"6","15","SUBSPACE PROBE","FCD visual subspaces s_v / u_v (dim=256 each)","avh_sup/eval_subspace_probe.py","23658623 / 23658624","A5","dom","dom","0.9921","0.0023","","dom=0.9921±0.0023","Strongest representation evidence. FCD u_v (256-dim) outperforms binary Z_c (1024-dim) on OOD"
"6","15","SUBSPACE PROBE","FCD visual subspaces s_v / u_v (dim=256 each)","avh_sup/eval_subspace_probe.py","23658623 / 23658624","A5","ind","ind","0.7879","0.0102","","u_v: ind=0.7879±0.0102","Strongest representation evidence. FCD u_v (256-dim) outperforms binary Z_c (1024-dim) on OOD"
"6","15","SUBSPACE PROBE","FCD visual subspaces s_v / u_v (dim=256 each)","avh_sup/eval_subspace_probe.py","23658623 / 23658624","A5","OOD","ood","0.8248","","","OOD=0.8248","Strongest representation evidence. FCD u_v (256-dim) outperforms binary Z_c (1024-dim) on OOD"
"6","15","SUBSPACE PROBE","FCD visual subspaces s_v / u_v (dim=256 each)","avh_sup/eval_subspace_probe.py","23658623 / 23658624","A5","dom","dom","0.9668","0.0058","","dom=0.9668±0.0058","Strongest representation evidence. FCD u_v (256-dim) outperforms binary Z_c (1024-dim) on OOD"
"6","15","SUBSPACE PROBE","FCD visual subspaces s_v / u_v (dim=256 each)","avh_sup/eval_subspace_probe.py","23658623 / 23658624","A6","ind","ind","0.5297","0.0124","","s_v: ind=0.5297±0.0124","Strongest representation evidence. FCD u_v (256-dim) outperforms binary Z_c (1024-dim) on OOD"
"6","15","SUBSPACE PROBE","FCD visual subspaces s_v / u_v (dim=256 each)","avh_sup/eval_subspace_probe.py","23658623 / 23658624","A6","OOD","ood","0.7258","","","OOD=0.7258","Strongest representation evidence. FCD u_v (256-dim) outperforms binary Z_c (1024-dim) on OOD"
"6","15","SUBSPACE PROBE","FCD visual subspaces s_v / u_v (dim=256 each)","avh_sup/eval_subspace_probe.py","23658623 / 23658624","A6","dom","dom","0.9890","0.0030","","dom=0.9890±0.0030","Strongest representation evidence. FCD u_v (256-dim) outperforms binary Z_c (1024-dim) on OOD"
"6","15","SUBSPACE PROBE","FCD visual subspaces s_v / u_v (dim=256 each)","avh_sup/eval_subspace_probe.py","23658623 / 23658624","A6","ind","ind","0.7818","0.0294","","u_v: ind=0.7818±0.0294","Strongest representation evidence. FCD u_v (256-dim) outperforms binary Z_c (1024-dim) on OOD"
"6","15","SUBSPACE PROBE","FCD visual subspaces s_v / u_v (dim=256 each)","avh_sup/eval_subspace_probe.py","23658623 / 23658624","A6","OOD","ood","0.9238","","","OOD=0.9238","Strongest representation evidence. FCD u_v (256-dim) outperforms binary Z_c (1024-dim) on OOD"
"6","15","SUBSPACE PROBE","FCD visual subspaces s_v / u_v (dim=256 each)","avh_sup/eval_subspace_probe.py","23658623 / 23658624","A6","dom","dom","0.9763","0.0057","","dom=0.9763±0.0057","Strongest representation evidence. FCD u_v (256-dim) outperforms binary Z_c (1024-dim) on OOD"
"6","16","SUBSPACE PROBE","FCD audio subspaces s_a / u_a (dim=256 each)","avh_sup/eval_subspace_probe.py","23658623 / 23658624","A2","ind","ind","0.9431","","","A2 ref: a_c ind=0.9431 OOD=0.7553 dom=0.9824","A6 domain push-pull primarily distills domain correlation from u_a"
"6","16","SUBSPACE PROBE","FCD audio subspaces s_a / u_a (dim=256 each)","avh_sup/eval_subspace_probe.py","23658623 / 23658624","A2","OOD","ood","0.7553","","","A2 ref: a_c ind=0.9431 OOD=0.7553 dom=0.9824","A6 domain push-pull primarily distills domain correlation from u_a"
"6","16","SUBSPACE PROBE","FCD audio subspaces s_a / u_a (dim=256 each)","avh_sup/eval_subspace_probe.py","23658623 / 23658624","A2","dom","dom","0.9824","","","A2 ref: a_c ind=0.9431 OOD=0.7553 dom=0.9824","A6 domain push-pull primarily distills domain correlation from u_a"
"6","16","SUBSPACE PROBE","FCD audio subspaces s_a / u_a (dim=256 each)","avh_sup/eval_subspace_probe.py","23658623 / 23658624","A5","ind","ind","0.9906","0.0060","","s_a: ind=0.9906±0.0060","A6 domain push-pull primarily distills domain correlation from u_a"
"6","16","SUBSPACE PROBE","FCD audio subspaces s_a / u_a (dim=256 each)","avh_sup/eval_subspace_probe.py","23658623 / 23658624","A5","OOD","ood","0.7496","","","OOD=0.7496","A6 domain push-pull primarily distills domain correlation from u_a"
"6","16","SUBSPACE PROBE","FCD audio subspaces s_a / u_a (dim=256 each)","avh_sup/eval_subspace_probe.py","23658623 / 23658624","A5","dom","dom","0.9820","0.0035","","dom=0.9820±0.0035","A6 domain push-pull primarily distills domain correlation from u_a"
"6","16","SUBSPACE PROBE","FCD audio subspaces s_a / u_a (dim=256 each)","avh_sup/eval_subspace_probe.py","23658623 / 23658624","A5","ind","ind","0.9950","0.0047","","u_a: ind=0.9950±0.0047","A6 domain push-pull primarily distills domain correlation from u_a"
"6","16","SUBSPACE PROBE","FCD audio subspaces s_a / u_a (dim=256 each)","avh_sup/eval_subspace_probe.py","23658623 / 23658624","A5","OOD","ood","0.7570","","","OOD=0.7570","A6 domain push-pull primarily distills domain correlation from u_a"
"6","16","SUBSPACE PROBE","FCD audio subspaces s_a / u_a (dim=256 each)","avh_sup/eval_subspace_probe.py","23658623 / 23658624","A5","dom","dom","0.9377","0.0077","","dom=0.9377±0.0077","A6 domain push-pull primarily distills domain correlation from u_a"
"6","16","SUBSPACE PROBE","FCD audio subspaces s_a / u_a (dim=256 each)","avh_sup/eval_subspace_probe.py","23658623 / 23658624","A6","ind","ind","0.9678","0.0086","","s_a: ind=0.9678±0.0086","A6 domain push-pull primarily distills domain correlation from u_a"
"6","16","SUBSPACE PROBE","FCD audio subspaces s_a / u_a (dim=256 each)","avh_sup/eval_subspace_probe.py","23658623 / 23658624","A6","OOD","ood","0.7391","","","OOD=0.7391","A6 domain push-pull primarily distills domain correlation from u_a"
"6","16","SUBSPACE PROBE","FCD audio subspaces s_a / u_a (dim=256 each)","avh_sup/eval_subspace_probe.py","23658623 / 23658624","A6","dom","dom","0.9835","0.0038","","dom=0.9835±0.0038","A6 domain push-pull primarily distills domain correlation from u_a"
"6","16","SUBSPACE PROBE","FCD audio subspaces s_a / u_a (dim=256 each)","avh_sup/eval_subspace_probe.py","23658623 / 23658624","A6","ind","ind","0.9959","0.0035","","u_a: ind=0.9959±0.0035","A6 domain push-pull primarily distills domain correlation from u_a"
"6","16","SUBSPACE PROBE","FCD audio subspaces s_a / u_a (dim=256 each)","avh_sup/eval_subspace_probe.py","23658623 / 23658624","A6","OOD","ood","0.7573","","","OOD=0.7573","A6 domain push-pull primarily distills domain correlation from u_a"
"6","16","SUBSPACE PROBE","FCD audio subspaces s_a / u_a (dim=256 each)","avh_sup/eval_subspace_probe.py","23658623 / 23658624","A6","dom","dom","0.9422","0.0101","","dom=0.9422±0.0101","A6 domain push-pull primarily distills domain correlation from u_a"
"6","17","SUBSPACE PROBE","FCD spurious subspaces r_v / r_a (Z_s) and aggregates","avh_sup/eval_subspace_probe.py","23658622 / 23658623 / 23658624","A2","ind","ind","0.9420","","","Z_c: ind=0.9420 OOD=0.7052","Spurious branches generalize too. Key is which subspace the head routes through"
"6","17","SUBSPACE PROBE","FCD spurious subspaces r_v / r_a (Z_s) and aggregates","avh_sup/eval_subspace_probe.py","23658622 / 23658623 / 23658624","A2","OOD","ood","0.7052","","","Z_c: ind=0.9420 OOD=0.7052","Spurious branches generalize too. Key is which subspace the head routes through"
"6","17","SUBSPACE PROBE","FCD spurious subspaces r_v / r_a (Z_s) and aggregates","avh_sup/eval_subspace_probe.py","23658622 / 23658623 / 23658624","A2","ind","ind","0.9190","","","Z_s: ind=0.9190 OOD=0.7396","Spurious branches generalize too. Key is which subspace the head routes through"
"6","17","SUBSPACE PROBE","FCD spurious subspaces r_v / r_a (Z_s) and aggregates","avh_sup/eval_subspace_probe.py","23658622 / 23658623 / 23658624","A2","OOD","ood","0.7396","","","Z_s: ind=0.9190 OOD=0.7396","Spurious branches generalize too. Key is which subspace the head routes through"
"6","17","SUBSPACE PROBE","FCD spurious subspaces r_v / r_a (Z_s) and aggregates","avh_sup/eval_subspace_probe.py","23658622 / 23658623 / 23658624","A5","ind","ind","0.7354","0.0166","","r_v: ind=0.7354±0.0166","Spurious branches generalize too. Key is which subspace the head routes through"
"6","17","SUBSPACE PROBE","FCD spurious subspaces r_v / r_a (Z_s) and aggregates","avh_sup/eval_subspace_probe.py","23658622 / 23658623 / 23658624","A5","OOD","ood","0.7890","","","OOD=0.7890","Spurious branches generalize too. Key is which subspace the head routes through"
"6","17","SUBSPACE PROBE","FCD spurious subspaces r_v / r_a (Z_s) and aggregates","avh_sup/eval_subspace_probe.py","23658622 / 23658623 / 23658624","A5","dom","dom","0.9899","0.0035","","dom=0.9899±0.0035","Spurious branches generalize too. Key is which subspace the head routes through"
"6","17","SUBSPACE PROBE","FCD spurious subspaces r_v / r_a (Z_s) and aggregates","avh_sup/eval_subspace_probe.py","23658622 / 23658623 / 23658624","A5","ind","ind","0.9949","0.0036","","r_a: ind=0.9949±0.0036","Spurious branches generalize too. Key is which subspace the head routes through"
"6","17","SUBSPACE PROBE","FCD spurious subspaces r_v / r_a (Z_s) and aggregates","avh_sup/eval_subspace_probe.py","23658622 / 23658623 / 23658624","A5","OOD","ood","0.7575","","","OOD=0.7575","Spurious branches generalize too. Key is which subspace the head routes through"
"6","17","SUBSPACE PROBE","FCD spurious subspaces r_v / r_a (Z_s) and aggregates","avh_sup/eval_subspace_probe.py","23658622 / 23658623 / 23658624","A5","dom","dom","0.9836","0.0039","","dom=0.9836±0.0039","Spurious branches generalize too. Key is which subspace the head routes through"
"6","17","SUBSPACE PROBE","FCD spurious subspaces r_v / r_a (Z_s) and aggregates","avh_sup/eval_subspace_probe.py","23658622 / 23658623 / 23658624","A5","vis_all_OOD","vis_all_ood","0.8220","","","vis_all_OOD=0.8220","Spurious branches generalize too. Key is which subspace the head routes through"
"6","17","SUBSPACE PROBE","FCD spurious subspaces r_v / r_a (Z_s) and aggregates","avh_sup/eval_subspace_probe.py","23658622 / 23658623 / 23658624","A5","aud_all_OOD","aud_all_ood","0.7559","","","aud_all_OOD=0.7559","Spurious branches generalize too. Key is which subspace the head routes through"
"6","17","SUBSPACE PROBE","FCD spurious subspaces r_v / r_a (Z_s) and aggregates","avh_sup/eval_subspace_probe.py","23658622 / 23658623 / 23658624","A5","syn_all_OOD","syn_all_ood","0.7686","","","syn_all_OOD=0.7686","Spurious branches generalize too. Key is which subspace the head routes through"
"6","17","SUBSPACE PROBE","FCD spurious subspaces r_v / r_a (Z_s) and aggregates","avh_sup/eval_subspace_probe.py","23658622 / 23658623 / 23658624","A5","uniq_all_OOD","uniq_all_ood","0.6909","","","uniq_all_OOD=0.6909","Spurious branches generalize too. Key is which subspace the head routes through"
"6","17","SUBSPACE PROBE","FCD spurious subspaces r_v / r_a (Z_s) and aggregates","avh_sup/eval_subspace_probe.py","23658622 / 23658623 / 23658624","A6","ind","ind","0.7384","0.0209","","r_v: ind=0.7384±0.0209","Spurious branches generalize too. Key is which subspace the head routes through"
"6","17","SUBSPACE PROBE","FCD spurious subspaces r_v / r_a (Z_s) and aggregates","avh_sup/eval_subspace_probe.py","23658622 / 23658623 / 23658624","A6","OOD","ood","0.8350","","","OOD=0.8350","Spurious branches generalize too. Key is which subspace the head routes through"
"6","17","SUBSPACE PROBE","FCD spurious subspaces r_v / r_a (Z_s) and aggregates","avh_sup/eval_subspace_probe.py","23658622 / 23658623 / 23658624","A6","dom","dom","0.9922","0.0019","","dom=0.9922±0.0019","Spurious branches generalize too. Key is which subspace the head routes through"
"6","17","SUBSPACE PROBE","FCD spurious subspaces r_v / r_a (Z_s) and aggregates","avh_sup/eval_subspace_probe.py","23658622 / 23658623 / 23658624","A6","ind","ind","0.9971","0.0020","","r_a: ind=0.9971±0.0020","Spurious branches generalize too. Key is which subspace the head routes through"
"6","17","SUBSPACE PROBE","FCD spurious subspaces r_v / r_a (Z_s) and aggregates","avh_sup/eval_subspace_probe.py","23658622 / 23658623 / 23658624","A6","OOD","ood","0.7619","","","OOD=0.7619","Spurious branches generalize too. Key is which subspace the head routes through"
"6","17","SUBSPACE PROBE","FCD spurious subspaces r_v / r_a (Z_s) and aggregates","avh_sup/eval_subspace_probe.py","23658622 / 23658623 / 23658624","A6","dom","dom","0.9817","0.0063","","dom=0.9817±0.0063","Spurious branches generalize too. Key is which subspace the head routes through"
"6","17","SUBSPACE PROBE","FCD spurious subspaces r_v / r_a (Z_s) and aggregates","avh_sup/eval_subspace_probe.py","23658622 / 23658623 / 23658624","A6","vis_all_OOD","vis_all_ood","0.8150","","","vis_all_OOD=0.8150","Spurious branches generalize too. Key is which subspace the head routes through"
"6","17","SUBSPACE PROBE","FCD spurious subspaces r_v / r_a (Z_s) and aggregates","avh_sup/eval_subspace_probe.py","23658622 / 23658623 / 23658624","A6","aud_all_OOD","aud_all_ood","0.7639","","","aud_all_OOD=0.7639","Spurious branches generalize too. Key is which subspace the head routes through"
"6","17","SUBSPACE PROBE","FCD spurious subspaces r_v / r_a (Z_s) and aggregates","avh_sup/eval_subspace_probe.py","23658622 / 23658623 / 23658624","A6","syn_all_OOD","syn_all_ood","0.6809","","","syn_all_OOD=0.6809","Spurious branches generalize too. Key is which subspace the head routes through"
"6","17","SUBSPACE PROBE","FCD spurious subspaces r_v / r_a (Z_s) and aggregates","avh_sup/eval_subspace_probe.py","23658622 / 23658623 / 23658624","A6","uniq_all_OOD","uniq_all_ood","0.7736","","","uniq_all_OOD=0.7736","Spurious branches generalize too. Key is which subspace the head routes through"
"7","18","HEAD ABLATION","A2 trained head: inference ablation (mask v_c or a_c)","avh_sup/eval_head_ablation.py","23658625","A2","AV1M","av1m","0.9975","","","baseline: AV1M=0.9975","Smoking gun: binary head never learned to use visual Z_c. Compare to A6 mask_uv"
"7","18","HEAD ABLATION","A2 trained head: inference ablation (mask v_c or a_c)","avh_sup/eval_head_ablation.py","23658625","A2","FV-RA","fv_ra","0.4949","","","FV-RA=0.4949","Smoking gun: binary head never learned to use visual Z_c. Compare to A6 mask_uv"
"7","18","HEAD ABLATION","A2 trained head: inference ablation (mask v_c or a_c)","avh_sup/eval_head_ablation.py","23658625","A2","RV-FA","rv_fa","1.0000","","","RV-FA=1.0000","Smoking gun: binary head never learned to use visual Z_c. Compare to A6 mask_uv"
"7","18","HEAD ABLATION","A2 trained head: inference ablation (mask v_c or a_c)","avh_sup/eval_head_ablation.py","23658625","A2","overall","overall","0.7648","","","overall=0.7648","Smoking gun: binary head never learned to use visual Z_c. Compare to A6 mask_uv"
"7","18","HEAD ABLATION","A2 trained head: inference ablation (mask v_c or a_c)","avh_sup/eval_head_ablation.py","23658625","A2","AV1M","av1m","0.9970","","-0.0005","mask_vc: AV1M=0.9970(-0.0005)","Smoking gun: binary head never learned to use visual Z_c. Compare to A6 mask_uv"
"7","18","HEAD ABLATION","A2 trained head: inference ablation (mask v_c or a_c)","avh_sup/eval_head_ablation.py","23658625","A2","FV-RA","fv_ra","0.4613","","-0.0336","FV-RA=0.4613(-0.0336)","Smoking gun: binary head never learned to use visual Z_c. Compare to A6 mask_uv"
"7","18","HEAD ABLATION","A2 trained head: inference ablation (mask v_c or a_c)","avh_sup/eval_head_ablation.py","23658625","A2","RV-FA","rv_fa","1.0000","","","RV-FA=1.0000","Smoking gun: binary head never learned to use visual Z_c. Compare to A6 mask_uv"
"7","18","HEAD ABLATION","A2 trained head: inference ablation (mask v_c or a_c)","avh_sup/eval_head_ablation.py","23658625","A2","overall","overall","0.7493","","-0.0155","overall=0.7493(-0.0155)","Smoking gun: binary head never learned to use visual Z_c. Compare to A6 mask_uv"
"7","18","HEAD ABLATION","A2 trained head: inference ablation (mask v_c or a_c)","avh_sup/eval_head_ablation.py","23658625","A2","AV1M","av1m","0.5280","","-0.4695","mask_ac: AV1M=0.5280(-0.4695)","Smoking gun: binary head never learned to use visual Z_c. Compare to A6 mask_uv"
"7","18","HEAD ABLATION","A2 trained head: inference ablation (mask v_c or a_c)","avh_sup/eval_head_ablation.py","23658625","A2","FV-RA","fv_ra","0.4709","","-0.0240","FV-RA=0.4709(-0.0240)","Smoking gun: binary head never learned to use visual Z_c. Compare to A6 mask_uv"
"7","18","HEAD ABLATION","A2 trained head: inference ablation (mask v_c or a_c)","avh_sup/eval_head_ablation.py","23658625","A2","RV-FA","rv_fa","0.5375","","","RV-FA=0.5375","Smoking gun: binary head never learned to use visual Z_c. Compare to A6 mask_uv"
"7","18","HEAD ABLATION","A2 trained head: inference ablation (mask v_c or a_c)","avh_sup/eval_head_ablation.py","23658625","A2","overall","overall","0.4280","","-0.3369","overall=0.4280(-0.3369)","Smoking gun: binary head never learned to use visual Z_c. Compare to A6 mask_uv"
"7","19","HEAD ABLATION","A5 trained head: inference ablation (all 8 subspace combos)","avh_sup/eval_head_ablation.py","23658626","A5","AV1M","av1m","0.9983","","","baseline: AV1M=0.9983","A5 midway A2→A6. Structure exists but adversarial pressure insufficient to commit to u_v"
"7","19","HEAD ABLATION","A5 trained head: inference ablation (all 8 subspace combos)","avh_sup/eval_head_ablation.py","23658626","A5","FV-RA","fv_ra","0.5860","","","FV-RA=0.5860","A5 midway A2→A6. Structure exists but adversarial pressure insufficient to commit to u_v"
"7","19","HEAD ABLATION","A5 trained head: inference ablation (all 8 subspace combos)","avh_sup/eval_head_ablation.py","23658626","A5","RV-FA","rv_fa","0.9993","","","RV-FA=0.9993","A5 midway A2→A6. Structure exists but adversarial pressure insufficient to commit to u_v"
"7","19","HEAD ABLATION","A5 trained head: inference ablation (all 8 subspace combos)","avh_sup/eval_head_ablation.py","23658626","A5","overall","overall","0.8059","","","overall=0.8059","A5 midway A2→A6. Structure exists but adversarial pressure insufficient to commit to u_v"
"7","19","HEAD ABLATION","A5 trained head: inference ablation (all 8 subspace combos)","avh_sup/eval_head_ablation.py","23658626","A5","AV1M","av1m","0.9981","","-0.0003","mask_sv: AV1M=0.9981(-0.0003)","A5 midway A2→A6. Structure exists but adversarial pressure insufficient to commit to u_v"
"7","19","HEAD ABLATION","A5 trained head: inference ablation (all 8 subspace combos)","avh_sup/eval_head_ablation.py","23658626","A5","FV-RA","fv_ra","0.5460","","-0.0400","FV-RA=0.5460(-0.0400)","A5 midway A2→A6. Structure exists but adversarial pressure insufficient to commit to u_v"
"7","19","HEAD ABLATION","A5 trained head: inference ablation (all 8 subspace combos)","avh_sup/eval_head_ablation.py","23658626","A5","RV-FA","rv_fa","0.9999","","","RV-FA=0.9999","A5 midway A2→A6. Structure exists but adversarial pressure insufficient to commit to u_v"
"7","19","HEAD ABLATION","A5 trained head: inference ablation (all 8 subspace combos)","avh_sup/eval_head_ablation.py","23658626","A5","overall","overall","0.7881","","-0.0178","overall=0.7881(-0.0178)","A5 midway A2→A6. Structure exists but adversarial pressure insufficient to commit to u_v"
"7","19","HEAD ABLATION","A5 trained head: inference ablation (all 8 subspace combos)","avh_sup/eval_head_ablation.py","23658626","A5","AV1M","av1m","0.9975","","-0.0008","mask_uv: AV1M=0.9975(-0.0008)","A5 midway A2→A6. Structure exists but adversarial pressure insufficient to commit to u_v"
"7","19","HEAD ABLATION","A5 trained head: inference ablation (all 8 subspace combos)","avh_sup/eval_head_ablation.py","23658626","A5","FV-RA","fv_ra","0.5259","","-0.0601","FV-RA=0.5259(-0.0601)","A5 midway A2→A6. Structure exists but adversarial pressure insufficient to commit to u_v"
"7","19","HEAD ABLATION","A5 trained head: inference ablation (all 8 subspace combos)","avh_sup/eval_head_ablation.py","23658626","A5","RV-FA","rv_fa","0.9994","","","RV-FA=0.9994","A5 midway A2→A6. Structure exists but adversarial pressure insufficient to commit to u_v"
"7","19","HEAD ABLATION","A5 trained head: inference ablation (all 8 subspace combos)","avh_sup/eval_head_ablation.py","23658626","A5","overall","overall","0.7782","","-0.0277","overall=0.7782(-0.0277)","A5 midway A2→A6. Structure exists but adversarial pressure insufficient to commit to u_v"
"7","19","HEAD ABLATION","A5 trained head: inference ablation (all 8 subspace combos)","avh_sup/eval_head_ablation.py","23658626","A5","AV1M","av1m","0.9961","","-0.0023","mask_sa: AV1M=0.9961(-0.0023)","A5 midway A2→A6. Structure exists but adversarial pressure insufficient to commit to u_v"
"7","19","HEAD ABLATION","A5 trained head: inference ablation (all 8 subspace combos)","avh_sup/eval_head_ablation.py","23658626","A5","FV-RA","fv_ra","0.7794","","+0.1934","FV-RA=0.7794(+0.1934)","A5 midway A2→A6. Structure exists but adversarial pressure insufficient to commit to u_v"
"7","19","HEAD ABLATION","A5 trained head: inference ablation (all 8 subspace combos)","avh_sup/eval_head_ablation.py","23658626","A5","RV-FA","rv_fa","0.9983","","","RV-FA=0.9983","A5 midway A2→A6. Structure exists but adversarial pressure insufficient to commit to u_v"
"7","19","HEAD ABLATION","A5 trained head: inference ablation (all 8 subspace combos)","avh_sup/eval_head_ablation.py","23658626","A5","overall","overall","0.8916","","+0.0858","overall=0.8916(+0.0858)","A5 midway A2→A6. Structure exists but adversarial pressure insufficient to commit to u_v"
"7","19","HEAD ABLATION","A5 trained head: inference ablation (all 8 subspace combos)","avh_sup/eval_head_ablation.py","23658626","A5","AV1M","av1m","0.9421","","-0.0562","mask_ua: AV1M=0.9421(-0.0562)","A5 midway A2→A6. Structure exists but adversarial pressure insufficient to commit to u_v"
"7","19","HEAD ABLATION","A5 trained head: inference ablation (all 8 subspace combos)","avh_sup/eval_head_ablation.py","23658626","A5","FV-RA","fv_ra","0.6631","","+0.0772","FV-RA=0.6631(+0.0772)","A5 midway A2→A6. Structure exists but adversarial pressure insufficient to commit to u_v"
"7","19","HEAD ABLATION","A5 trained head: inference ablation (all 8 subspace combos)","avh_sup/eval_head_ablation.py","23658626","A5","RV-FA","rv_fa","0.9635","","","RV-FA=0.9635","A5 midway A2→A6. Structure exists but adversarial pressure insufficient to commit to u_v"
"7","19","HEAD ABLATION","A5 trained head: inference ablation (all 8 subspace combos)","avh_sup/eval_head_ablation.py","23658626","A5","overall","overall","0.8211","","+0.0152","overall=0.8211(+0.0152)","A5 midway A2→A6. Structure exists but adversarial pressure insufficient to commit to u_v"
"7","19","HEAD ABLATION","A5 trained head: inference ablation (all 8 subspace combos)","avh_sup/eval_head_ablation.py","23658626","A5","AV1M","av1m","0.9957","","-0.0026","mask_vis: AV1M=0.9957(-0.0026)","A5 midway A2→A6. Structure exists but adversarial pressure insufficient to commit to u_v"
"7","19","HEAD ABLATION","A5 trained head: inference ablation (all 8 subspace combos)","avh_sup/eval_head_ablation.py","23658626","A5","FV-RA","fv_ra","0.4729","","-0.1131","FV-RA=0.4729(-0.1131)","A5 midway A2→A6. Structure exists but adversarial pressure insufficient to commit to u_v"
"7","19","HEAD ABLATION","A5 trained head: inference ablation (all 8 subspace combos)","avh_sup/eval_head_ablation.py","23658626","A5","RV-FA","rv_fa","0.9999","","","RV-FA=0.9999","A5 midway A2→A6. Structure exists but adversarial pressure insufficient to commit to u_v"
"7","19","HEAD ABLATION","A5 trained head: inference ablation (all 8 subspace combos)","avh_sup/eval_head_ablation.py","23658626","A5","overall","overall","0.7541","","-0.0518","overall=0.7541(-0.0518)","A5 midway A2→A6. Structure exists but adversarial pressure insufficient to commit to u_v"
"7","19","HEAD ABLATION","A5 trained head: inference ablation (all 8 subspace combos)","avh_sup/eval_head_ablation.py","23658626","A5","AV1M","av1m","0.7571","","-0.2412","mask_aud: AV1M=0.7571(-0.2412)","A5 midway A2→A6. Structure exists but adversarial pressure insufficient to commit to u_v"
"7","19","HEAD ABLATION","A5 trained head: inference ablation (all 8 subspace combos)","avh_sup/eval_head_ablation.py","23658626","A5","FV-RA","fv_ra","0.7934","","+0.2074","FV-RA=0.7934(+0.2074)","A5 midway A2→A6. Structure exists but adversarial pressure insufficient to commit to u_v"
"7","19","HEAD ABLATION","A5 trained head: inference ablation (all 8 subspace combos)","avh_sup/eval_head_ablation.py","23658626","A5","RV-FA","rv_fa","0.5522","","","RV-FA=0.5522","A5 midway A2→A6. Structure exists but adversarial pressure insufficient to commit to u_v"
"7","19","HEAD ABLATION","A5 trained head: inference ablation (all 8 subspace combos)","avh_sup/eval_head_ablation.py","23658626","A5","overall","overall","0.7986","","-0.0073","overall=0.7986(-0.0073)","A5 midway A2→A6. Structure exists but adversarial pressure insufficient to commit to u_v"
"7","19","HEAD ABLATION","A5 trained head: inference ablation (all 8 subspace combos)","avh_sup/eval_head_ablation.py","23658626","A5","AV1M","av1m","0.9899","","-0.0084","mask_syn: AV1M=0.9899(-0.0084)","A5 midway A2→A6. Structure exists but adversarial pressure insufficient to commit to u_v"
"7","19","HEAD ABLATION","A5 trained head: inference ablation (all 8 subspace combos)","avh_sup/eval_head_ablation.py","23658626","A5","FV-RA","fv_ra","0.8041","","+0.2181","FV-RA=0.8041(+0.2181)","A5 midway A2→A6. Structure exists but adversarial pressure insufficient to commit to u_v"
"7","19","HEAD ABLATION","A5 trained head: inference ablation (all 8 subspace combos)","avh_sup/eval_head_ablation.py","23658626","A5","RV-FA","rv_fa","0.9977","","","RV-FA=0.9977","A5 midway A2→A6. Structure exists but adversarial pressure insufficient to commit to u_v"
"7","19","HEAD ABLATION","A5 trained head: inference ablation (all 8 subspace combos)","avh_sup/eval_head_ablation.py","23658626","A5","overall","overall","0.9021","","+0.0962","overall=0.9021(+0.0962)","A5 midway A2→A6. Structure exists but adversarial pressure insufficient to commit to u_v"
"7","19","HEAD ABLATION","A5 trained head: inference ablation (all 8 subspace combos)","avh_sup/eval_head_ablation.py","23658626","A5","AV1M","av1m","0.9710","","-0.0274","mask_uniq: AV1M=0.9710(-0.0274)","A5 midway A2→A6. Structure exists but adversarial pressure insufficient to commit to u_v"
"7","19","HEAD ABLATION","A5 trained head: inference ablation (all 8 subspace combos)","avh_sup/eval_head_ablation.py","23658626","A5","FV-RA","fv_ra","0.5262","","-0.0598","FV-RA=0.5262(-0.0598)","A5 midway A2→A6. Structure exists but adversarial pressure insufficient to commit to u_v"
"7","19","HEAD ABLATION","A5 trained head: inference ablation (all 8 subspace combos)","avh_sup/eval_head_ablation.py","23658626","A5","RV-FA","rv_fa","0.9961","","","RV-FA=0.9961","A5 midway A2→A6. Structure exists but adversarial pressure insufficient to commit to u_v"
"7","19","HEAD ABLATION","A5 trained head: inference ablation (all 8 subspace combos)","avh_sup/eval_head_ablation.py","23658626","A5","overall","overall","0.7721","","-0.0338","overall=0.7721(-0.0338)","A5 midway A2→A6. Structure exists but adversarial pressure insufficient to commit to u_v"
"7","20","HEAD ABLATION","A6 trained head: inference ablation (all 8 subspace combos)","avh_sup/eval_head_ablation.py","23658627","A6","AV1M","av1m","0.9982","","","baseline: AV1M=0.9982","THE main paper evidence. A6 dedicated u_v for FV-RA; u_a for RV-FA/FV-FA. Unique subspaces are task-critical"
"7","20","HEAD ABLATION","A6 trained head: inference ablation (all 8 subspace combos)","avh_sup/eval_head_ablation.py","23658627","A6","FV-RA","fv_ra","0.7206","","","FV-RA=0.7206","THE main paper evidence. A6 dedicated u_v for FV-RA; u_a for RV-FA/FV-FA. Unique subspaces are task-critical"
"7","20","HEAD ABLATION","A6 trained head: inference ablation (all 8 subspace combos)","avh_sup/eval_head_ablation.py","23658627","A6","RV-FA","rv_fa","1.0000","","","RV-FA=1.0000","THE main paper evidence. A6 dedicated u_v for FV-RA; u_a for RV-FA/FV-FA. Unique subspaces are task-critical"
"7","20","HEAD ABLATION","A6 trained head: inference ablation (all 8 subspace combos)","avh_sup/eval_head_ablation.py","23658627","A6","overall","overall","0.8685","","","overall=0.8685","THE main paper evidence. A6 dedicated u_v for FV-RA; u_a for RV-FA/FV-FA. Unique subspaces are task-critical"
"7","20","HEAD ABLATION","A6 trained head: inference ablation (all 8 subspace combos)","avh_sup/eval_head_ablation.py","23658627","A6","AV1M","av1m","0.9986","","+0.0004","mask_sv: AV1M=0.9986(+0.0004)","THE main paper evidence. A6 dedicated u_v for FV-RA; u_a for RV-FA/FV-FA. Unique subspaces are task-critical"
"7","20","HEAD ABLATION","A6 trained head: inference ablation (all 8 subspace combos)","avh_sup/eval_head_ablation.py","23658627","A6","FV-RA","fv_ra","0.7805","","+0.0599","FV-RA=0.7805(+0.0599)","THE main paper evidence. A6 dedicated u_v for FV-RA; u_a for RV-FA/FV-FA. Unique subspaces are task-critical"
"7","20","HEAD ABLATION","A6 trained head: inference ablation (all 8 subspace combos)","avh_sup/eval_head_ablation.py","23658627","A6","RV-FA","rv_fa","1.0000","","","RV-FA=1.0000","THE main paper evidence. A6 dedicated u_v for FV-RA; u_a for RV-FA/FV-FA. Unique subspaces are task-critical"
"7","20","HEAD ABLATION","A6 trained head: inference ablation (all 8 subspace combos)","avh_sup/eval_head_ablation.py","23658627","A6","overall","overall","0.8968","","+0.0283","overall=0.8968(+0.0283)","THE main paper evidence. A6 dedicated u_v for FV-RA; u_a for RV-FA/FV-FA. Unique subspaces are task-critical"
"7","20","HEAD ABLATION","A6 trained head: inference ablation (all 8 subspace combos)","avh_sup/eval_head_ablation.py","23658627","A6","AV1M","av1m","0.9967","","-0.0015","mask_uv: AV1M=0.9967(-0.0015)","THE main paper evidence. A6 dedicated u_v for FV-RA; u_a for RV-FA/FV-FA. Unique subspaces are task-critical"
"7","20","HEAD ABLATION","A6 trained head: inference ablation (all 8 subspace combos)","avh_sup/eval_head_ablation.py","23658627","A6","FV-RA","fv_ra","0.3661","","-0.3544","FV-RA=0.3661(-0.3544)","THE main paper evidence. A6 dedicated u_v for FV-RA; u_a for RV-FA/FV-FA. Unique subspaces are task-critical"
"7","20","HEAD ABLATION","A6 trained head: inference ablation (all 8 subspace combos)","avh_sup/eval_head_ablation.py","23658627","A6","RV-FA","rv_fa","1.0000","","","RV-FA=1.0000","THE main paper evidence. A6 dedicated u_v for FV-RA; u_a for RV-FA/FV-FA. Unique subspaces are task-critical"
"7","20","HEAD ABLATION","A6 trained head: inference ablation (all 8 subspace combos)","avh_sup/eval_head_ablation.py","23658627","A6","overall","overall","0.7039","","-0.1647","overall=0.7039(-0.1647)","THE main paper evidence. A6 dedicated u_v for FV-RA; u_a for RV-FA/FV-FA. Unique subspaces are task-critical"
"7","20","HEAD ABLATION","A6 trained head: inference ablation (all 8 subspace combos)","avh_sup/eval_head_ablation.py","23658627","A6","AV1M","av1m","0.9971","","-0.0012","mask_sa: AV1M=0.9971(-0.0012)","THE main paper evidence. A6 dedicated u_v for FV-RA; u_a for RV-FA/FV-FA. Unique subspaces are task-critical"
"7","20","HEAD ABLATION","A6 trained head: inference ablation (all 8 subspace combos)","avh_sup/eval_head_ablation.py","23658627","A6","FV-RA","fv_ra","0.7882","","+0.0676","FV-RA=0.7882(+0.0676)","THE main paper evidence. A6 dedicated u_v for FV-RA; u_a for RV-FA/FV-FA. Unique subspaces are task-critical"
"7","20","HEAD ABLATION","A6 trained head: inference ablation (all 8 subspace combos)","avh_sup/eval_head_ablation.py","23658627","A6","RV-FA","rv_fa","1.0000","","","RV-FA=1.0000","THE main paper evidence. A6 dedicated u_v for FV-RA; u_a for RV-FA/FV-FA. Unique subspaces are task-critical"
"7","20","HEAD ABLATION","A6 trained head: inference ablation (all 8 subspace combos)","avh_sup/eval_head_ablation.py","23658627","A6","overall","overall","0.9000","","+0.0314","overall=0.9000(+0.0314)","THE main paper evidence. A6 dedicated u_v for FV-RA; u_a for RV-FA/FV-FA. Unique subspaces are task-critical"
"7","20","HEAD ABLATION","A6 trained head: inference ablation (all 8 subspace combos)","avh_sup/eval_head_ablation.py","23658627","A6","AV1M","av1m","0.8430","","-0.1552","mask_ua: AV1M=0.8430(-0.1552)","THE main paper evidence. A6 dedicated u_v for FV-RA; u_a for RV-FA/FV-FA. Unique subspaces are task-critical"
"7","20","HEAD ABLATION","A6 trained head: inference ablation (all 8 subspace combos)","avh_sup/eval_head_ablation.py","23658627","A6","FV-RA","fv_ra","0.7287","","+0.0081","FV-RA=0.7287(+0.0081)","THE main paper evidence. A6 dedicated u_v for FV-RA; u_a for RV-FA/FV-FA. Unique subspaces are task-critical"
"7","20","HEAD ABLATION","A6 trained head: inference ablation (all 8 subspace combos)","avh_sup/eval_head_ablation.py","23658627","A6","RV-FA","rv_fa","0.7462","","","RV-FA=0.7462","THE main paper evidence. A6 dedicated u_v for FV-RA; u_a for RV-FA/FV-FA. Unique subspaces are task-critical"
"7","20","HEAD ABLATION","A6 trained head: inference ablation (all 8 subspace combos)","avh_sup/eval_head_ablation.py","23658627","A6","overall","overall","0.7350","","-0.1336","overall=0.7350(-0.1336)","THE main paper evidence. A6 dedicated u_v for FV-RA; u_a for RV-FA/FV-FA. Unique subspaces are task-critical"
"7","20","HEAD ABLATION","A6 trained head: inference ablation (all 8 subspace combos)","avh_sup/eval_head_ablation.py","23658627","A6","AV1M","av1m","0.9968","","-0.0015","mask_vis: AV1M=0.9968(-0.0015)","THE main paper evidence. A6 dedicated u_v for FV-RA; u_a for RV-FA/FV-FA. Unique subspaces are task-critical"
"7","20","HEAD ABLATION","A6 trained head: inference ablation (all 8 subspace combos)","avh_sup/eval_head_ablation.py","23658627","A6","FV-RA","fv_ra","0.4841","","-0.2365","FV-RA=0.4841(-0.2365)","THE main paper evidence. A6 dedicated u_v for FV-RA; u_a for RV-FA/FV-FA. Unique subspaces are task-critical"
"7","20","HEAD ABLATION","A6 trained head: inference ablation (all 8 subspace combos)","avh_sup/eval_head_ablation.py","23658627","A6","RV-FA","rv_fa","1.0000","","","RV-FA=1.0000","THE main paper evidence. A6 dedicated u_v for FV-RA; u_a for RV-FA/FV-FA. Unique subspaces are task-critical"
"7","20","HEAD ABLATION","A6 trained head: inference ablation (all 8 subspace combos)","avh_sup/eval_head_ablation.py","23658627","A6","overall","overall","0.7590","","-0.1096","overall=0.7590(-0.1096)","THE main paper evidence. A6 dedicated u_v for FV-RA; u_a for RV-FA/FV-FA. Unique subspaces are task-critical"
"7","20","HEAD ABLATION","A6 trained head: inference ablation (all 8 subspace combos)","avh_sup/eval_head_ablation.py","23658627","A6","AV1M","av1m","0.7641","","-0.2341","mask_aud: AV1M=0.7641(-0.2341)","THE main paper evidence. A6 dedicated u_v for FV-RA; u_a for RV-FA/FV-FA. Unique subspaces are task-critical"
"7","20","HEAD ABLATION","A6 trained head: inference ablation (all 8 subspace combos)","avh_sup/eval_head_ablation.py","23658627","A6","FV-RA","fv_ra","0.7870","","+0.0665","FV-RA=0.7870(+0.0665)","THE main paper evidence. A6 dedicated u_v for FV-RA; u_a for RV-FA/FV-FA. Unique subspaces are task-critical"
"7","20","HEAD ABLATION","A6 trained head: inference ablation (all 8 subspace combos)","avh_sup/eval_head_ablation.py","23658627","A6","RV-FA","rv_fa","0.5498","","","RV-FA=0.5498","THE main paper evidence. A6 dedicated u_v for FV-RA; u_a for RV-FA/FV-FA. Unique subspaces are task-critical"
"7","20","HEAD ABLATION","A6 trained head: inference ablation (all 8 subspace combos)","avh_sup/eval_head_ablation.py","23658627","A6","overall","overall","0.7761","","-0.0924","overall=0.7761(-0.0924)","THE main paper evidence. A6 dedicated u_v for FV-RA; u_a for RV-FA/FV-FA. Unique subspaces are task-critical"
"7","20","HEAD ABLATION","A6 trained head: inference ablation (all 8 subspace combos)","avh_sup/eval_head_ablation.py","23658627","A6","AV1M","av1m","0.9965","","-0.0018","mask_syn: AV1M=0.9965(-0.0018)","THE main paper evidence. A6 dedicated u_v for FV-RA; u_a for RV-FA/FV-FA. Unique subspaces are task-critical"
"7","20","HEAD ABLATION","A6 trained head: inference ablation (all 8 subspace combos)","avh_sup/eval_head_ablation.py","23658627","A6","FV-RA","fv_ra","0.8614","","+0.1408","FV-RA=0.8614(+0.1408)","THE main paper evidence. A6 dedicated u_v for FV-RA; u_a for RV-FA/FV-FA. Unique subspaces are task-critical"
"7","20","HEAD ABLATION","A6 trained head: inference ablation (all 8 subspace combos)","avh_sup/eval_head_ablation.py","23658627","A6","RV-FA","rv_fa","1.0000","","","RV-FA=1.0000","THE main paper evidence. A6 dedicated u_v for FV-RA; u_a for RV-FA/FV-FA. Unique subspaces are task-critical"
"7","20","HEAD ABLATION","A6 trained head: inference ablation (all 8 subspace combos)","avh_sup/eval_head_ablation.py","23658627","A6","overall","overall","0.9345","","+0.0660","overall=0.9345(+0.0660)","THE main paper evidence. A6 dedicated u_v for FV-RA; u_a for RV-FA/FV-FA. Unique subspaces are task-critical"
"7","20","HEAD ABLATION","A6 trained head: inference ablation (all 8 subspace combos)","avh_sup/eval_head_ablation.py","23658627","A6","AV1M","av1m","0.7136","","-0.2847","mask_uniq: AV1M=0.7136(-0.2847)","THE main paper evidence. A6 dedicated u_v for FV-RA; u_a for RV-FA/FV-FA. Unique subspaces are task-critical"
"7","20","HEAD ABLATION","A6 trained head: inference ablation (all 8 subspace combos)","avh_sup/eval_head_ablation.py","23658627","A6","FV-RA","fv_ra","0.3417","","-0.3789","FV-RA=0.3417(-0.3789)","THE main paper evidence. A6 dedicated u_v for FV-RA; u_a for RV-FA/FV-FA. Unique subspaces are task-critical"
"7","20","HEAD ABLATION","A6 trained head: inference ablation (all 8 subspace combos)","avh_sup/eval_head_ablation.py","23658627","A6","RV-FA","rv_fa","0.8694","","","RV-FA=0.8694","THE main paper evidence. A6 dedicated u_v for FV-RA; u_a for RV-FA/FV-FA. Unique subspaces are task-critical"
"7","20","HEAD ABLATION","A6 trained head: inference ablation (all 8 subspace combos)","avh_sup/eval_head_ablation.py","23658627","A6","overall","overall","0.3568","","-0.5118","overall=0.3568(-0.5118)","THE main paper evidence. A6 dedicated u_v for FV-RA; u_a for RV-FA/FV-FA. Unique subspaces are task-critical"
"7","21","HEAD ABLATION","FV-RA routing summary across all models","Aggregated from head_ablation.py","23658625 / 23658626 / 23658627","A2","FV-RA_base","fv_ra_base","0.4949","","","FV-RA_base=0.4949","Core ablation cascade figure for paper"
"7","21","HEAD ABLATION","FV-RA routing summary across all models","Aggregated from head_ablation.py","23658625 / 23658626 / 23658627","A2","deltaFVRA_from_mask_vc","deltafvra_from_mask_vc","-0.0336","","","deltaFVRA_from_mask_vc=-0.0336","Core ablation cascade figure for paper"
"7","21","HEAD ABLATION","FV-RA routing summary across all models","Aggregated from head_ablation.py","23658625 / 23658626 / 23658627","A5","FV-RA_base","fv_ra_base","0.5860","","","FV-RA_base=0.5860","Core ablation cascade figure for paper"
"7","21","HEAD ABLATION","FV-RA routing summary across all models","Aggregated from head_ablation.py","23658625 / 23658626 / 23658627","A5","deltaFVRA_from_mask_vis","deltafvra_from_mask_vis","-0.1131","","","deltaFVRA_from_mask_vis=-0.1131","Core ablation cascade figure for paper"
"7","21","HEAD ABLATION","FV-RA routing summary across all models","Aggregated from head_ablation.py","23658625 / 23658626 / 23658627","A6","FV-RA_base","fv_ra_base","0.7206","","","FV-RA_base=0.7206","Core ablation cascade figure for paper"
"7","21","HEAD ABLATION","FV-RA routing summary across all models","Aggregated from head_ablation.py","23658625 / 23658626 / 23658627","A6","deltaFVRA_from_mask_uv","deltafvra_from_mask_uv","-0.3544","","","deltaFVRA_from_mask_uv=-0.3544","Core ablation cascade figure for paper"
"8","22","SANITY CHECKS","Modality-origin probe (FV-RA vs RV-FA in Z_c/Z_s)","avh_sup/eval_modality_origin_probe.py","23656622 / 23656623","A2","Zc_AUC","zc_auc","0.9988","","","Zc_AUC=0.9988","Sanity/supplementary only"
"8","22","SANITY CHECKS","Modality-origin probe (FV-RA vs RV-FA in Z_c/Z_s)","avh_sup/eval_modality_origin_probe.py","23656622 / 23656623","A2","Zs_AUC","zs_auc","0.9992","","","Zs_AUC=0.9992","Sanity/supplementary only"
"8","22","SANITY CHECKS","Modality-origin probe (FV-RA vs RV-FA in Z_c/Z_s)","avh_sup/eval_modality_origin_probe.py","23656622 / 23656623","A6","Zc_AUC","zc_auc","1.0000","","","Zc_AUC=1.0000","Sanity/supplementary only"
"8","22","SANITY CHECKS","Modality-origin probe (FV-RA vs RV-FA in Z_c/Z_s)","avh_sup/eval_modality_origin_probe.py","23656622 / 23656623","A6","Zs_AUC","zs_auc","1.0000","","","Zs_AUC=1.0000","Sanity/supplementary only"
"8","23","SANITY CHECKS","Manipulation probe (FV-RA vs FV-FA — audio manipulation detectable?)","Existing manipulation probe","Prior batches","A2","Zc_AUC","zc_auc","0.9999","","","Zc_AUC=0.9999","Sanity/supplementary only"
"8","23","SANITY CHECKS","Manipulation probe (FV-RA vs FV-FA — audio manipulation detectable?)","Existing manipulation probe","Prior batches","A2","Zs_AUC","zs_auc","0.9999","","","Zs_AUC=0.9999","Sanity/supplementary only"
"8","23","SANITY CHECKS","Manipulation probe (FV-RA vs FV-FA — audio manipulation detectable?)","Existing manipulation probe","Prior batches","A6","Zc_AUC","zc_auc","0.9995","","","Zc_AUC=0.9995","Sanity/supplementary only"
"8","23","SANITY CHECKS","Manipulation probe (FV-RA vs FV-FA — audio manipulation detectable?)","Existing manipulation probe","Prior batches","A6","Zs_AUC","zs_auc","0.9999","","","Zs_AUC=0.9999","Sanity/supplementary only"
"9","24","LEADING SILENCE","True-trimmed leading-silence evaluation (corrected protocol)","avh_sup/eval_leading_silence_robustness.py","eval_silence_rob_trimmed_A5_seed43 / eval_silence_rob_trimmed_A6_seed43","A5","overall_trimmed","overall_trimmed","0.7489","","-0.0697","overall_trimmed=0.7489 (delta=-0.0697)","Supplementary robustness result; supports visual-routing claim"
"9","24","LEADING SILENCE","True-trimmed leading-silence evaluation (corrected protocol)","avh_sup/eval_leading_silence_robustness.py","eval_silence_rob_trimmed_A5_seed43 / eval_silence_rob_trimmed_A6_seed43","A5","RV-FA_trimmed","rv_fa_trimmed","0.8994","","-0.0962","RV-FA_trimmed=0.8994 (delta=-0.0962)","Supplementary robustness result; supports visual-routing claim"
"9","24","LEADING SILENCE","True-trimmed leading-silence evaluation (corrected protocol)","avh_sup/eval_leading_silence_robustness.py","eval_silence_rob_trimmed_A5_seed43 / eval_silence_rob_trimmed_A6_seed43","A5","FV-RA_trimmed","fv_ra_trimmed","0.6058","","-0.0098","FV-RA_trimmed=0.6058 (delta=-0.0098)","Supplementary robustness result; supports visual-routing claim"
"9","24","LEADING SILENCE","True-trimmed leading-silence evaluation (corrected protocol)","avh_sup/eval_leading_silence_robustness.py","eval_silence_rob_trimmed_A5_seed43 / eval_silence_rob_trimmed_A6_seed43","A5","FV-FA_trimmed","fv_fa_trimmed","0.8674","","-0.1209","FV-FA_trimmed=0.8674 (delta=-0.1209)","Supplementary robustness result; supports visual-routing claim"
"9","24","LEADING SILENCE","True-trimmed leading-silence evaluation (corrected protocol)","avh_sup/eval_leading_silence_robustness.py","eval_silence_rob_trimmed_A5_seed43 / eval_silence_rob_trimmed_A6_seed43","A6","overall_trimmed","overall_trimmed","0.8187","","-0.0698","overall_trimmed=0.8187 (delta=-0.0698)","Supplementary robustness result; supports visual-routing claim"
"9","24","LEADING SILENCE","True-trimmed leading-silence evaluation (corrected protocol)","avh_sup/eval_leading_silence_robustness.py","eval_silence_rob_trimmed_A5_seed43 / eval_silence_rob_trimmed_A6_seed43","A6","RV-FA_trimmed","rv_fa_trimmed","0.8654","","-0.1346","RV-FA_trimmed=0.8654 (delta=-0.1346)","Supplementary robustness result; supports visual-routing claim"
"9","24","LEADING SILENCE","True-trimmed leading-silence evaluation (corrected protocol)","avh_sup/eval_leading_silence_robustness.py","eval_silence_rob_trimmed_A5_seed43 / eval_silence_rob_trimmed_A6_seed43","A6","FV-RA_trimmed","fv_ra_trimmed","0.7648","","+0.0080","FV-RA_trimmed=0.7648 (delta=+0.0080)","Supplementary robustness result; supports visual-routing claim"
"9","24","LEADING SILENCE","True-trimmed leading-silence evaluation (corrected protocol)","avh_sup/eval_leading_silence_robustness.py","eval_silence_rob_trimmed_A5_seed43 / eval_silence_rob_trimmed_A6_seed43","A6","FV-FA_trimmed","fv_fa_trimmed","0.8638","","-0.1349","FV-FA_trimmed=0.8638 (delta=-0.1349)","Supplementary robustness result; supports visual-routing claim"
