model,seed,eval_results_path,status,overall_auc,overall_ap,rv_fa_auc,rv_fa_ap,fv_ra_auc,fv_ra_ap,fv_fa_auc,fv_fa_ap
A2,43,/data/projects/punim2637/nnliang/AVH-Align/avh_sup/outputs_A2_seed43/results_favc_7030_full/eval_results.txt,ok,0.7403,0.9928,1.0,1.0,0.4423,0.949,0.9955,0.9998
A2,44,/data/projects/punim2637/nnliang/AVH-Align/avh_sup/outputs_A2_seed44/results_favc_7030_full/eval_results.txt,ok,0.7605,0.9935,1.0,1.0,0.4831,0.9546,0.9981,0.9999
A2,45,/data/projects/punim2637/nnliang/AVH-Align/avh_sup/outputs_A2_seed45/results_favc_7030_full/eval_results.txt,ok,0.7791,0.9939,1.0,1.0,0.5225,0.9568,0.9988,0.9999
A5,43,/data/projects/punim2637/nnliang/AVH-Align/avh_sup/outputs_A5_seed43/results_favc_7030_full/eval_results.txt,ok,0.807,0.9948,0.9996,0.9996,0.5857,0.9655,0.9965,0.9998
A5,44,/data/projects/punim2637/nnliang/AVH-Align/avh_sup/outputs_A5_seed44/results_favc_7030_full/eval_results.txt,ok,0.8094,0.9949,1.0,1.0,0.5889,0.967,0.9983,0.9999
A5,45,/data/projects/punim2637/nnliang/AVH-Align/avh_sup/outputs_A5_seed45/results_favc_7030_full/eval_results.txt,ok,0.8268,0.9955,1.0,1.0,0.6262,0.9728,0.9986,0.9999
A6,43,/data/projects/punim2637/nnliang/AVH-Align/avh_sup/outputs_A6_seed43/results_favc_7030_full/eval_results.txt,ok,0.8868,0.9971,0.9995,0.9996,0.7572,0.984,0.9978,0.9999
A6,44,/data/projects/punim2637/nnliang/AVH-Align/avh_sup/outputs_A6_seed44/results_favc_7030_full/eval_results.txt,ok,0.8291,0.9955,1.0,1.0,0.6321,0.9725,0.9977,0.9999
A6,45,/data/projects/punim2637/nnliang/AVH-Align/avh_sup/outputs_A6_seed45/results_favc_7030_full/eval_results.txt,ok,0.8077,0.9948,0.9999,0.9999,0.5885,0.965,0.9954,0.9998
