model,seed,eval_results_path,status,overall_auc,rv_fa_auc,fv_ra_auc,fv_fa_auc
A2,42,/data/projects/punim2637/nnliang/AVH-Align/avh_sup/outputs_A2_seed42/results_favc_matched/eval_results.txt,ok,0.779,1.0,0.5156,0.9997
A2,43,/data/projects/punim2637/nnliang/AVH-Align/avh_sup/outputs_A2_seed43/results_favc_matched/eval_results.txt,ok,0.7427,1.0,0.4363,0.9994
A2,44,/data/projects/punim2637/nnliang/AVH-Align/avh_sup/outputs_A2_seed44/results_favc_matched/eval_results.txt,ok,0.7943,1.0,0.5492,0.9997
A5,42,/data/projects/punim2637/nnliang/AVH-Align/avh_sup/outputs_A5_seed42/results_favc_matched/eval_results.txt,ok,0.8151,1.0,0.5944,1.0
A5,43,/data/projects/punim2637/nnliang/AVH-Align/avh_sup/outputs_A5_seed43/results_favc_matched/eval_results.txt,ok,0.8186,0.9956,0.6156,0.9883
A5,44,/data/projects/punim2637/nnliang/AVH-Align/avh_sup/outputs_A5_seed44/results_favc_matched/eval_results.txt,ok,0.8309,1.0,0.6291,0.9999
A6,42,/data/projects/punim2637/nnliang/AVH-Align/avh_sup/outputs_A6_seed42/results_favc_matched/eval_results.txt,ok,0.8014,1.0,0.5644,1.0
A6,43,/data/projects/punim2637/nnliang/AVH-Align/avh_sup/outputs_A6_seed43/results_favc_matched/eval_results.txt,ok,0.8885,1.0,0.7568,0.9987
A6,44,/data/projects/punim2637/nnliang/AVH-Align/avh_sup/outputs_A6_seed44/results_favc_matched/eval_results.txt,ok,0.8418,1.0,0.6544,0.9987
